time,signal
0.0,1.2569010547865045
0.004001600640256103,1.2423953773374816
0.008003201280512205,0.9416181053092263
0.012004801920768308,0.5072513253613836
0.01600640256102441,0.2703324990690867
0.020008003201280513,0.09475119127145275
0.024009603841536616,0.019331317707410596
0.028011204481792718,-0.22998733780491257
0.03201280512204882,-0.26601613323001233
0.03601440576230493,-0.1882656097698126
0.040016006402561026,-0.2485229273553504
0.044017607042817125,-0.25189872258625856
0.04801920768307323,-0.27257558411028526
0.05202080832332934,-0.16515019995631308
0.056022408963585436,-0.22346611940062944
0.060024009603841535,-0.27223062229922806
0.06402561024409764,-0.17750258128617816
0.06802721088435375,-0.15743716274568587
0.07202881152460985,-0.22115513628385564
0.07603041216486595,-0.18634915179702077
0.08003201280512205,0.018335829305428847
0.08403361344537816,0.010957599314241494
0.08803521408563425,0.037347134762688486
0.09203681472589036,-0.035329208800759036
0.09603841536614646,0.08181589903578068
0.10004001600640257,0.09539179024436435
0.10404161664665867,0.2027705541860719
0.10804321728691477,0.16598499174676629
0.11204481792717087,0.01840404381508875
0.11604641856742698,0.09765462669281545
0.12004801920768307,0.16057816118547175
0.12404961984793918,0.08753512996482463
0.12805122048819528,0.03927554642975067
0.13205282112845138,0.12288311908720886
0.1360544217687075,0.17944508402297474
0.1400560224089636,0.16472976492217842
0.1440576230492197,0.06898523476660995
0.1480592236894758,0.21371235381437675
0.1520608243297319,0.2449521060747585
0.156062424969988,0.2965889251985404
0.1600640256102441,0.10029612256403588
0.1640656262505002,0.2920699026547827
0.16806722689075632,0.33586886474841926
0.1720688275310124,0.33002259779042764
0.1760704281712685,0.33773421096917705
0.18007202881152462,0.3185845480323442
0.1840736294517807,0.3548773083841611
0.18807523009203683,0.47636946291639404
0.19207683073229292,0.45185722767531156
0.19607843137254902,0.28924170510466635
0.20008003201280514,0.4356093412976206
0.20408163265306123,0.45630706730760623
0.20808323329331735,0.41522369628852274
0.21208483393357344,0.31941177115464825
0.21608643457382953,0.3488041124923415
0.22008803521408565,0.46186288525050667
0.22408963585434175,0.3613269836303494
0.22809123649459784,0.33821977529866204
0.23209283713485396,0.29749086225205845
0.23609443777511005,0.3896090380089565
0.24009603841536614,0.2725458478335631
0.24409763905562226,0.22656861077299764
0.24809923969587835,0.21049664567677426
0.25210084033613445,0.3032855614511644
0.25610244097639057,0.308523525928991
0.2601040416166467,0.222691697284583
0.26410564225690275,0.3284978508309742
0.26810724289715887,0.21751039392251853
0.272108843537415,0.2643329510450599
0.27611044417767105,0.1761743003242161
0.2801120448179272,0.20027298297525659
0.2841136454581833,0.3043033541796746
0.2881152460984394,0.3210955837460562
0.2921168467386955,0.15574158931191848
0.2961184473789516,0.12527597857937567
0.3001200480192077,0.20076862163689635
0.3041216486594638,0.2527871918839548
0.3081232492997199,0.20665557138139992
0.312124849939976,0.12863005231450003
0.3161264505802321,0.2345887431936134
0.3201280512204882,0.24201118682490316
0.32412965186074433,0.1772558504219689
0.3281312525010004,0.0552787341094956
0.3321328531412565,0.05517815186141983
0.33613445378151263,0.24554950068942405
0.3401360544217687,0.11825110243153192
0.3441376550620248,0.12554015046248174
0.34813925570228094,0.1492966855906437
0.352140856342537,0.1799889181608842
0.3561424569827931,0.2562887419886214
0.36014405762304924,0.11212889017392064
0.36414565826330536,0.11403518630259044
0.3681472589035614,0.18616083433163494
0.37214885954381755,0.21225093832962894
0.37615046018407367,0.12180254880937708
0.38015206082432973,0.17975161003066809
0.38415366146458585,0.24690417010803128
0.38815526210484197,0.24089325122864425
0.39215686274509803,0.22949450962047643
0.39615846338535415,0.06499514275293122
0.4001600640256103,0.21269212721146874
0.40416166466586634,0.19946865304204256
0.40816326530612246,0.2042735102927695
0.4121648659463786,0.21647945389929008
0.4161664665866347,0.22625602610335474
0.42016806722689076,0.21773226963231687
0.4241696678671469,0.3404238616439602
0.428171268507403,0.20007796642934464
0.43217286914765907,0.09564629936986002
0.4361744697879152,0.24750534758072473
0.4401760704281713,0.1865017184180322
0.44417767106842737,0.2493512870177082
0.4481792717086835,0.23146799531443574
0.4521808723489396,0.29774126096512465
0.4561824729891957,0.4033197901472194
0.4601840736294518,0.12393436751033941
0.4641856742697079,0.1907950223943286
0.468187274909964,0.2564240471956524
0.4721888755502201,0.2572391242717226
0.4761904761904762,0.2688262894641163
0.4801920768307323,0.23422155021509466
0.4841936774709884,0.22838457240700005
0.4881952781112445,0.307125332487868
0.49219687875150064,0.20807895307165936
0.4961984793917567,0.19250189904644466
0.5002000800320128,0.24890203785532555
0.5042016806722689,0.29032136653317747
0.508203281312525,0.1765099268461336
0.5122048819527811,0.21536027895855125
0.5162064825930373,0.21639461150983857
0.5202080832332934,0.26799966527365093
0.5242096838735495,0.31171794940692615
0.5282112845138055,0.18690549411149612
0.5322128851540616,0.2873048764577182
0.5362144857943177,0.3153657034058654
0.5402160864345739,0.3555034681964881
0.54421768707483,0.08569879475498646
0.5482192877150861,0.25215431290821677
0.5522208883553421,0.25867222758138886
0.5562224889955982,0.35491423533005445
0.5602240896358543,0.22193953706225023
0.5642256902761105,0.20907362365457802
0.5682272909163666,0.2715094213048178
0.5722288915566227,0.26718152156082137
0.5762304921968788,0.26733311311931224
0.5802320928371348,0.18504606235694485
0.584233693477391,0.3383786030636656
0.5882352941176471,0.4064883569774076
0.5922368947579032,0.21882970939362342
0.5962384953981593,0.22204304617938206
0.6002400960384154,0.25182870324010065
0.6042416966786714,0.3246239266710602
0.6082432973189276,0.32537759228338486
0.6122448979591837,0.1816558085375417
0.6162464985994398,0.3126289597171278
0.6202480992396959,0.3349621506748107
0.624249699879952,0.3413632654507791
0.6282513005202081,0.22639328172318643
0.6322529011604642,0.2849130418817606
0.6362545018007203,0.3525837444535727
0.6402561024409764,0.30948668706101806
0.6442577030812325,0.2739111165525531
0.6482593037214887,0.18206006143716202
0.6522609043617448,0.3413390407636091
0.6562625050020008,0.2725864628238927
0.6602641056422569,0.20243257287746225
0.664265706282513,0.22109081887429022
0.6682673069227691,0.21904102261685043
0.6722689075630253,0.32293317483199285
0.6762705082032814,0.22383934722071194
0.6802721088435374,0.28534883317102616
0.6842737094837935,0.22970534843096202
0.6882753101240496,0.36926122394326627
0.6922769107643058,0.2637986279376203
0.6962785114045619,0.23203131381612363
0.700280112044818,0.32144532188756886
0.704281712685074,0.4426510080254278
0.7082833133253301,0.2932760533135702
0.7122849139655862,0.2535817497636622
0.7162865146058424,0.28926307045003535
0.7202881152460985,0.32198542470082503
0.7242897158863546,0.3098143360914619
0.7282913165266107,0.20403801504538976
0.7322929171668667,0.20374727140680463
0.7362945178071229,0.4014367250652735
0.740296118447379,0.28797786826901817
0.7442977190876351,0.32602518405919273
0.7482993197278912,0.28027870558753976
0.7523009203681473,0.3880048491784288
0.7563025210084033,0.3262558784902681
0.7603041216486595,0.25561855846268605
0.7643057222889156,0.2533405331346318
0.7683073229291717,0.3139414004501673
0.7723089235694278,0.392123825667432
0.7763105242096839,0.3035390934733516
0.7803121248499401,0.2802773590216565
0.7843137254901961,0.363345963294912
0.7883153261304522,0.2624887819479129
0.7923169267707083,0.3039795787423627
0.7963185274109644,0.282272861237366
0.8003201280512205,0.2539167420054172
0.8043217286914767,0.2977709627074188
0.8083233293317327,0.3902792523875652
0.8123249299719888,0.3761938916945787
0.8163265306122449,0.5848556395248513
0.820328131252501,0.967076863811458
0.8243297318927572,1.111952779585366
0.8283313325330133,1.3883411075977459
0.8323329331732694,1.4796941956218626
0.8363345338135254,1.4009922473910803
0.8403361344537815,1.1675948520146688
0.8443377350940376,0.7571843907191074
0.8483393357342938,0.5285470246125665
0.8523409363745499,0.36821702002198
0.856342537014806,0.3076194337714867
0.860344137655062,0.13183710167307916
0.8643457382953181,0.1098165292311647
0.8683473389355743,0.09079927121089806
0.8723489395758304,0.05957330500423683
0.8763505402160865,0.09134783255319873
0.8803521408563426,0.047538289369001674
0.8843537414965986,0.047033813300121394
0.8883553421368547,0.051575763894296286
0.8923569427771109,0.04970148749552302
0.896358543417367,0.10529179321081053
0.9003601440576231,-0.005453003712153499
0.9043617446978792,0.2506901301919985
0.9083633453381353,0.20636580859652262
0.9123649459783914,0.07404803806158647
0.9163665466186475,0.23508288681842768
0.9203681472589036,0.2701937811664542
0.9243697478991597,0.42386486956794245
0.9283713485394158,0.21284486630392607
0.932372949179672,0.32961540529550326
0.936374549819928,0.4208730950451077
0.9403761504601841,0.2962642857836907
0.9443777511004402,0.16681291440602716
0.9483793517406963,0.2522431778251931
0.9523809523809524,0.37237764680623764
0.9563825530212086,0.36332350329551094
0.9603841536614646,0.3411903138890059
0.9643857543017207,0.3599960765984491
0.9683873549419768,0.33859783967112345
0.9723889555822329,0.42968752095388046
0.976390556222489,0.35044860777691794
0.9803921568627452,0.35845642517940834
0.9843937575030013,0.5563206603620064
0.9883953581432573,0.5893861226469324
0.9923969587835134,0.5055132757649518
0.9963985594237695,0.4288299529167714
1.0004001600640255,0.551437113223736
1.0044017607042817,0.6182322046137988
1.0084033613445378,0.5364513112667112
1.012404961984794,0.4903212675573716
1.01640656262505,0.47818842068867884
1.0204081632653061,0.5385434542934624
1.0244097639055623,0.519393738344292
1.0284113645458184,0.547562640170151
1.0324129651860745,0.5580002682568449
1.0364145658263306,0.6396209652416966
1.0404161664665867,0.5907751957119418
1.0444177671068429,0.5419800154425749
1.048419367747099,0.5424881514525082
1.0524209683873549,0.5147103605415861
1.056422569027611,0.5729494803521625
1.0604241696678671,0.5374480834549767
1.0644257703081232,0.4745615246880462
1.0684273709483794,0.5157010683566002
1.0724289715886355,0.5644835724085415
1.0764305722288916,0.34437343965179745
1.0804321728691477,0.3752555372076969
1.0844337735094038,0.4449810651910033
1.08843537414966,0.5069717129420735
1.092436974789916,0.33509472549779057
1.0964385754301722,0.2730440751736916
1.1004401760704283,0.3299136623735819
1.1044417767106842,0.3495746835087785
1.1084433773509403,0.3380378131385625
1.1124449779911965,0.28785659241394
1.1164465786314526,0.3179787002310892
1.1204481792717087,0.28833287559983317
1.1244497799119648,0.33529207516432746
1.128451380552221,0.2306989741701225
1.132452981192477,0.22650914891865587
1.1364545818327332,0.37346375873275706
1.1404561824729893,0.3292152280066671
1.1444577831132454,0.2632167824600036
1.1484593837535015,0.23387310641364778
1.1524609843937577,0.35261121860933203
1.1564625850340136,0.3086258697369693
1.1604641856742697,0.27567827169167947
1.1644657863145258,0.26852162348258
1.168467386954782,0.2118277435882677
1.172468987595038,0.2912956007385531
1.1764705882352942,0.24401541768409765
1.1804721888755503,0.12961493715540884
1.1844737895158064,0.24630392904788104
1.1884753901560625,0.2732345755114494
1.1924769907963186,0.25348459068652146
1.1964785914365748,0.24301682234848593
1.2004801920768309,0.17744462218474033
1.2044817927170868,0.2824185756323345
1.208483393357343,0.2270560380088873
1.212484993997599,0.23507949465557954
1.2164865946378551,0.2211993471453687
1.2204881952781113,0.2006437036938126
1.2244897959183674,0.2754271992346391
1.2284913965586235,0.20466603063403158
1.2324929971988796,0.1322963737964153
1.2364945978391357,0.2055505410229247
1.2404961984793919,0.20569519431951333
1.244497799119648,0.2379729812781283
1.248499399759904,0.2769460985412797
1.2525010004001602,0.21354852057439763
1.2565026010404161,0.32560995105613677
1.2605042016806722,0.160057143329803
1.2645058023209284,0.19911245074712353
1.2685074029611845,0.2519682737304145
1.2725090036014406,0.14206141116177723
1.2765106042416967,0.2041249643765961
1.2805122048819528,0.15723516372823396
1.284513805522209,0.2688769515173743
1.288515406162465,0.19310335679004076
1.2925170068027212,0.2120854270818105
1.2965186074429773,0.09874250494555237
1.3005202080832334,0.23157025912932516
1.3045218087234896,0.2125272912519065
1.3085234093637454,0.2541298155383555
1.3125250100040016,0.08313926701879298
1.3165266106442577,0.13054447751173562
1.3205282112845138,0.24234547041184545
1.32452981192477,0.19452292912530025
1.328531412565026,0.15288425211830325
1.3325330132052822,0.19894421823925457
1.3365346138455383,0.08910298573768685
1.3405362144857944,0.1857013678006484
1.3445378151260505,0.14464713834315768
1.3485394157663066,0.13103855885973756
1.3525410164065628,0.1644342879650965
1.3565426170468189,0.21676547008470826
1.3605442176870748,0.13134845322434388
1.364545818327331,0.17314282480918458
1.368547418967587,0.25011892761382426
1.3725490196078431,0.2857187145284077
1.3765506202480993,0.12192124428183067
1.3805522208883554,0.036344080354169764
1.3845538215286115,0.14732269130498774
1.3885554221688676,0.21401064964814798
1.3925570228091237,0.19462582232113096
1.3965586234493799,0.15971659600381993
1.400560224089636,0.010195014121659943
1.404561824729892,0.23065224150090718
1.408563425370148,0.13017292513996773
1.4125650260104041,0.026337726635376958
1.4165666266506602,0.12418588366011335
1.4205682272909164,0.23049680464359928
1.4245698279311725,0.12695472151291287
1.4285714285714286,0.11332434700575512
1.4325730292116847,0.0987546446573874
1.4365746298519408,0.21559758668560794
1.440576230492197,0.14212264973710284
1.444577831132453,0.08988265130002135
1.4485794317727092,0.024960377935797598
1.4525810324129653,0.06901608038250624
1.4565826330532214,0.053589135200937534
1.4605842336934773,0.1280894137778016
1.4645858343337335,0.0841396234982425
1.4685874349739896,0.08644133387764066
1.4725890356142457,0.18110093278938302
1.4765906362545018,0.12445968964620199
1.480592236894758,0.014722901512310788
1.484593837535014,0.07141024271372806
1.4885954381752702,0.16089264143486331
1.4925970388155263,0.05184045800274732
1.4965986394557824,0.05644530648577243
1.5006002400960385,0.10393779109373429
1.5046018407362947,0.20657458806770526
1.5086034413765508,-0.0008266231453323211
1.5126050420168067,0.018565836354314774
1.5166066426570628,0.0539654344227303
1.520608243297319,0.10012761316064031
1.524609843937575,0.1550933373376244
1.5286114445778312,-0.0011567080018396042
1.5326130452180873,0.16805592616150164
1.5366146458583434,0.2270650807544783
1.5406162464985995,0.1305288160697363
1.5446178471388556,0.08501447824009206
1.5486194477791118,0.030111877645014128
1.5526210484193679,0.12233399236048562
1.556622649059624,0.1361487952745355
1.5606242496998801,0.030222698308029525
1.564625850340136,0.07652980935416723
1.5686274509803921,0.1810682490864176
1.5726290516206483,0.1303972395237867
1.5766306522609044,0.11854648167798457
1.5806322529011605,-0.0037779621137669778
1.5846338535414166,0.054746151576653974
1.5886354541816727,0.14176258895359184
1.5926370548219289,0.016934998925110745
1.596638655462185,-0.017672938741573746
1.600640256102441,0.1099875736326069
1.6046418567426972,0.14454603476551695
1.6086434573829533,-0.017896874221041175
1.6126450580232095,-0.08084296755534884
1.6166466586634654,0.10137315775809289
1.6206482593037215,0.14655499758508828
1.6246498599439776,0.04204365137086655
1.6286514605842337,-0.09819236639267637
1.6326530612244898,0.07898728861208497
1.636654661864746,0.08224892605921372
1.640656262505002,0.07662744958145656
1.6446578631452582,0.15309422183579668
1.6486594637855143,0.3699593906830118
1.6526610644257704,0.5487830890769333
1.6566626650660266,0.9580035469750466
1.6606642657062827,1.0181673349914329
1.6646658663465388,1.0864275030761277
1.6686674669867947,1.1495458699668186
1.6726690676270508,0.8556669653142036
1.676670668267307,0.48855278232779475
1.680672268907563,0.17575988553478838
1.6846738695478192,0.13511740279897516
1.6886754701880753,0.001836911731236221
1.6926770708283314,-0.11899678761618791
1.6966786714685875,-0.24689965402249353
1.7006802721088436,-0.23138848988111613
1.7046818727490998,-0.18953483355816933
1.708683473389356,-0.2908044509361706
1.712685074029612,-0.39863149406274523
1.716686674669868,-0.3542714596222217
1.720688275310124,-0.24074838927138978
1.7246898759503801,-0.28104109393521715
1.7286914765906363,-0.315902318088998
1.7326930772308924,-0.3276151112391209
1.7366946778711485,-0.2332200336389179
1.7406962785114046,-0.13171711837715783
1.7446978791516607,-0.2736321596346006
1.7486994797919169,-0.1633663488718109
1.752701080432173,-0.09227450616326706
1.756702681072429,-0.09371224021551339
1.7607042817126852,-0.17104108273641816
1.7647058823529413,-0.11169128452310009
1.7687074829931972,0.027134258774227135
1.7727090836334534,0.013306490312152107
1.7767106842737095,-0.12576211940559598
1.7807122849139656,-0.12326436626695272
1.7847138855542217,-0.0020918696628698646
1.7887154861944778,0.08942705955306987
1.792717086834734,0.002027248611366734
1.79671868747499,-0.14191518880182086
1.8007202881152462,-0.010753282549393419
1.8047218887555023,0.03495211522237342
1.8087234893957584,0.027045457243349835
1.8127250900360146,-0.0071693054333177506
1.8167266906762707,-0.0039024199372558327
1.8207282913165266,0.028525617854091058
1.8247298919567827,0.14606334247452912
1.8287314925970388,0.12365594949456521
1.832733093237295,0.03724447070761562
1.836734693877551,0.25446951884012325
1.8407362945178072,0.13928546829798596
1.8447378951580633,0.11273254285223686
1.8487394957983194,0.12638957760559744
1.8527410964385755,0.25044218312379096
1.8567426970788317,0.17740575498942357
1.8607442977190878,0.22769416313667507
1.864745898359344,0.16195611097410995
1.8687474989996,0.2495273562553163
1.872749099639856,0.1683960105228498
1.876750700280112,0.1486147366361716
1.8807523009203682,0.18702886691500992
1.8847539015606243,0.18687767240830078
1.8887555022008804,0.13041825219486905
1.8927571028411365,0.017063236159738163
1.8967587034813926,0.07656124776324871
1.9007603041216488,0.06289126204695396
1.9047619047619049,0.12074521455524641
1.908763505402161,0.012052410351409658
1.9127651060424171,0.04804318412489681
1.9167667066826732,0.030625611035932546
1.9207683073229291,0.09560138727606682
1.9247699079631853,0.06680443986032222
1.9287715086034414,-0.16343951361058884
1.9327731092436975,-0.05512025067377351
1.9367747098839536,-0.0836990895586966
1.9407763105242097,-0.11509909061218931
1.9447779111644659,-0.15961419580271496
1.948779511804722,-0.18926777120610191
1.952781112444978,-0.08378060548242558
1.9567827130852342,-0.09195091597514075
1.9607843137254903,-0.180264759376276
1.9647859143657465,-0.13745480846396738
1.9687875150060026,-0.09671163145518591
1.9727891156462585,-0.1302120334750585
1.9767907162865146,-0.22508865189562755
1.9807923169267707,-0.10723394520954457
1.9847939175670268,-0.15774834035374746
1.988795518207283,-0.06200778346798081
1.992797118847539,-0.22951815038669962
1.9967987194877952,-0.19889353445913507
2.000800320128051,-0.20732371960234566
2.0048019207683074,-0.20049607398209346
2.0088035214085633,-0.14088603553747367
2.0128051220488197,-0.2810243432539132
2.0168067226890756,-0.2201150451754238
2.020808323329332,-0.07478250125976167
2.024809923969588,-0.15738285853839076
2.028811524609844,-0.13153727312259383
2.0328131252501,-0.20545786181462516
2.0368147258903564,-0.16456924741403178
2.0408163265306123,-0.15445169958516913
2.0448179271708686,-0.2060182503873278
2.0488195278111245,-0.17077247087917735
2.0528211284513804,-0.13466573666381004
2.0568227290916368,-0.08228973922090249
2.0608243297318927,-0.2539669837935059
2.064825930372149,-0.22259881075725244
2.068827531012405,-0.22153397589680518
2.0728291316526612,-0.16537595232647387
2.076830732292917,-0.19950193854740916
2.0808323329331735,-0.256806935103045
2.0848339335734294,-0.24484267037990232
2.0888355342136857,-0.094610881437527
2.0928371348539416,-0.30522573115553714
2.096838735494198,-0.23857485371952342
2.100840336134454,-0.15318814715609272
2.1048419367747098,-0.07931526450310539
2.108843537414966,-0.15871822868269292
2.112845138055222,-0.33501828722110816
2.1168467386954783,-0.20201112577610866
2.1208483393357342,-0.15422576669014268
2.1248499399759906,-0.26158534167578973
2.1288515406162465,-0.24659654083630578
2.132853141256503,-0.13381484518230166
2.1368547418967587,-0.17802953307997
2.140856342537015,-0.24585185525783396
2.144857943177271,-0.35121241963458993
2.1488595438175273,-0.25654876342361727
2.152861144457783,-0.1737855573573362
2.156862745098039,-0.1704786709948513
2.1608643457382954,-0.29516035343138336
2.1648659463785513,-0.322949744011416
2.1688675470188077,-0.2666135665182694
2.1728691476590636,-0.23834857949521976
2.17687074829932,-0.3212823817447492
2.180872348939576,-0.30334134392516926
2.184873949579832,-0.22133502461549284
2.188875550220088,-0.23018674827965815
2.1928771508603444,-0.19317014449464845
2.1968787515006003,-0.2848878119016775
2.2008803521408566,-0.20317751714888535
2.2048819527811125,-0.2864398822766845
2.2088835534213684,-0.29910150998851104
2.212885154061625,-0.31989784882589695
2.2168867547018807,-0.28528476439954786
2.220888355342137,-0.20833669850436937
2.224889955982393,-0.12943019079547574
2.2288915566226493,-0.20029666105851976
2.232893157262905,-0.3240398310969519
2.2368947579031615,-0.208404486976353
2.2408963585434174,-0.2688858021249807
2.2448979591836737,-0.320310243528044
2.2488995598239296,-0.2263037169398698
2.252901160464186,-0.2240742293474624
2.256902761104442,-0.1665492378331579
2.2609043617446978,-0.2757432305285915
2.264905962384954,-0.28237981237909227
2.26890756302521,-0.21207430599312244
2.2729091636654664,-0.18515437492536524
2.2769107643057223,-0.2899007095752101
2.2809123649459786,-0.3378635344882355
2.2849139655862345,-0.17982484033645219
2.288915566226491,-0.24722080787042477
2.2929171668667467,-0.3069046577316827
2.296918767507003,-0.3270731257642546
2.300920368147259,-0.34805081957476713
2.3049219687875153,-0.2213825563605868
2.308923569427771,-0.2001112442769763
2.312925170068027,-0.35820754980417635
2.3169267707082835,-0.2316999332823241
2.3209283713485394,-0.22319823179120268
2.3249299719887957,-0.3101960477064294
2.3289315726290516,-0.3634903960825813
2.332933173269308,-0.33080074013078337
2.336934773909564,-0.2561844333075554
2.34093637454982,-0.23242838195411164
2.344937975190076,-0.26386804761444066
2.3489395758303324,-0.2838232459470621
2.3529411764705883,-0.26340747303157624
2.356942777110844,-0.2867598311876314
2.3609443777511006,-0.34306792832714644
2.3649459783913565,-0.3174027372209341
2.368947579031613,-0.19912690407668296
2.3729491796718687,-0.2861636752658036
2.376950780312125,-0.3630337899691476
2.380952380952381,-0.2619042206773994
2.3849539815926373,-0.2607859560084812
2.388955582232893,-0.14645323837738122
2.3929571828731495,-0.32851592913753913
2.3969587835134054,-0.32321224775609386
2.4009603841536618,-0.371023320700382
2.4049619847939177,-0.2492952774426744
2.4089635854341735,-0.27812389488005207
2.41296518607443,-0.2746555333707659
2.416966786714686,-0.30122788137084616
2.420968387354942,-0.22280187955328842
2.424969987995198,-0.30256738397598537
2.4289715886354544,-0.2590834922382456
2.4329731892757103,-0.24448202246884945
2.4369747899159666,-0.2625272233548038
2.4409763905562225,-0.2939250525343741
2.444977991196479,-0.3262221200723621
2.4489795918367347,-0.3089951104052616
2.452981192476991,-0.3142590337037239
2.456982793117247,-0.2628367701243761
2.460984393757503,-0.3200064436262235
2.4649859943977592,-0.31886257684521035
2.468987595038015,-0.33593831790945733
2.4729891956782715,-0.21615254337295103
2.4769907963185274,-0.08750917314936202
2.4809923969587837,-0.023517577807046178
2.4849939975990396,0.38170036216376635
2.488995598239296,0.5215509444862572
2.492997198879552,0.76030061692472
2.496998799519808,0.7738542375532342
2.501000400160064,0.8239761032658849
2.5050020008003204,0.5713287729266286
2.5090036014405763,0.26109149871051635
2.5130052020808322,-0.06663619025720638
2.5170068027210886,-0.2775366279232804
2.5210084033613445,-0.3522805328167467
2.525010004001601,-0.4361610546973619
2.5290116046418567,-0.5939954191655367
2.533013205282113,-0.53194623876368
2.537014805922369,-0.43895113260463686
2.5410164065626253,-0.6012577300265604
2.545018007202881,-0.6419926962501997
2.5490196078431375,-0.5585078426455827
2.5530212084833934,-0.53574250231393
2.5570228091236498,-0.4489165381309057
2.5610244097639057,-0.5980049759795862
2.5650260104041616,-0.5610065893878229
2.569027611044418,-0.36466225030017774
2.573029211684674,-0.3584862376951573
2.57703081232493,-0.3720493246532785
2.581032412965186,-0.4141085939021043
2.5850340136054424,-0.3747340126698232
2.5890356142456983,-0.30766092419748436
2.5930372148859546,-0.26114284004924043
2.5970388155262105,-0.4065890711016269
2.601040416166467,-0.29232169476804154
2.6050420168067228,-0.20227584945567634
2.609043617446979,-0.23064729641667586
2.613045218087235,-0.3600765178642449
2.617046818727491,-0.27272782289241543
2.6210484193677472,-0.2613885616754428
2.625050020008003,-0.15402254522692405
2.6290516206482595,-0.2593545120713022
2.6330532212885154,-0.25385881827900386
2.6370548219287717,-0.15973757605829114
2.6410564225690276,-0.18334729419153595
2.645058023209284,-0.17993620567708205
2.64905962384954,-0.12273949026832816
2.653061224489796,-0.07363161767562369
2.657062825130052,-0.02297298452980278
2.6610644257703084,-0.13936676437031928
2.6650660264105643,-0.16414264852397165
2.6690676270508202,-0.1028944766650501
2.6730692276910766,0.022236692342534874
2.6770708283313325,-0.06636493187893411
2.681072428971589,-0.08270971369568604
2.6850740296118447,0.023243306627665578
2.689075630252101,0.045368613387664986
2.693077230892357,0.05462616239218341
2.6970788315326133,-0.0914314292401383
2.701080432172869,-0.04538141443053632
2.7050820328131255,-0.03990861405221094
2.7090836334533814,-0.013063654189824747
2.7130852340936378,-0.09238186501425227
2.7170868347338937,-0.00345909305392568
2.7210884353741496,-0.026716775891534247
2.725090036014406,0.0816572739894673
2.729091636654662,-0.08224792822016594
2.733093237294918,-0.07576583585679823
2.737094837935174,0.05812776021841094
2.7410964385754304,0.02529266735847444
2.7450980392156863,-0.20755591165937082
2.7490996398559426,-0.186047992825239
2.7531012404961985,-0.12616129086649086
2.757102841136455,-0.14602825917864118
2.7611044417767108,-0.25475855520812507
2.765106042416967,-0.32380729197918695
2.769107643057223,-0.14701534625382195
2.773109243697479,-0.09717365356947608
2.7771108443377353,-0.2502572024908368
2.781112444977991,-0.34362926168916313
2.7851140456182475,-0.28046961693869793
2.7891156462585034,-0.20093536929281505
2.7931172468987597,-0.36136117166041737
2.7971188475390156,-0.30242778040888046
2.801120448179272,-0.3033689656143302
2.805122048819528,-0.151244404594074
2.809123649459784,-0.1830726336574462
2.81312525010004,-0.2259759189432805
2.817126850740296,-0.3396728249917561
2.8211284513805523,-0.1673643058555179
2.8251300520208082,-0.2804145679373069
2.8291316526610646,-0.26046180531896346
2.8331332533013205,-0.2875735141986398
2.837134853941577,-0.198353575910883
2.8411364545818327,-0.19414240682035477
2.845138055222089,-0.37558230577941776
2.849139655862345,-0.29346811596509603
2.8531412565026013,-0.27753115285000485
2.857142857142857,-0.22659214462175267
2.8611444577831135,-0.16975829771241283
2.8651460584233694,-0.2599578656856596
2.8691476590636253,-0.27912059266972244
2.8731492597038817,-0.1343163148921283
2.8771508603441376,-0.16651625190497402
2.881152460984394,-0.2889315511471149
2.88515406162465,-0.19512014612338235
2.889155662264906,-0.14951810730810433
2.893157262905162,-0.27893076376652387
2.8971588635454184,-0.28391734364021565
2.9011604641856743,-0.18462853114580163
2.9051620648259306,-0.1901512313188237
2.9091636654661865,-0.19004760683957628
2.913165266106443,-0.27263197252569715
2.917166866746699,-0.26981572857339203
2.9211684673869547,-0.17597682466976897
2.925170068027211,-0.09936969273936347
2.929171668667467,-0.2542561857158361
2.9331732693077233,-0.22885297389176007
2.937174869947979,-0.1850389437145979
2.9411764705882355,-0.11277788831628659
2.9451780712284914,-0.2792533222799396
2.9491796718687477,-0.21471775435069967
2.9531812725090036,-0.16134145445241654
2.95718287314926,-0.11747129141495324
2.961184473789516,-0.2521119839703388
2.9651860744297722,-0.3061656058821542
2.969187675070028,-0.1070174243581038
2.973189275710284,-0.19829507730911916
2.9771908763505404,-0.21641492346377228
2.9811924769907963,-0.14662009384220542
2.9851940776310526,-0.1758892028073777
2.9891956782713085,-0.22117645043223155
2.993197278911565,-0.2200769480584488
2.9971988795518207,-0.17254576490602153
3.001200480192077,-0.24793017826570235
3.005202080832333,-0.08338987785887031
3.0092036814725893,-0.24304213822901893
3.013205282112845,-0.2656870326199806
3.0172068827531016,-0.23213319213519285
3.0212084833933575,-0.19333879733542625
3.0252100840336134,-0.14773121772234232
3.0292116846738697,-0.18975670120070154
3.0332132853141256,-0.13211531019350192
3.037214885954382,-0.16930572843319938
3.041216486594638,-0.17964505487934349
3.045218087234894,-0.24338914210297818
3.04921968787515,-0.15254931307293854
3.0532212885154064,-0.18885729483676492
3.0572228891556623,-0.07469186957763879
3.0612244897959187,-0.160490834138777
3.0652260904361746,-0.1504738175928273
3.069227691076431,-0.11630837315886332
3.073229291716687,-0.13284951003510476
3.0772308923569427,-0.15859435019786838
3.081232492997199,-0.20880244558915437
3.085234093637455,-0.06615129821478906
3.0892356942777113,-0.1369012241642047
3.093237294917967,-0.1281436150352218
3.0972388955582235,-0.157625178032221
3.1012404961984794,-0.041357673187446244
3.1052420968387358,0.042824345470393974
3.1092436974789917,-0.08371444292038796
3.113245298119248,-0.17964707721718964
3.117246898759504,-0.08127895104501956
3.1212484993997602,-0.10730057455915977
3.125250100040016,-0.10984479603817408
3.129251700680272,-0.1542830790239255
3.1332533013205284,-0.15771259943036353
3.1372549019607843,-0.03318647440427598
3.1412565026010406,-0.09160686590923797
3.1452581032412965,-0.11174721015289643
3.149259703881553,-0.17355328760060354
3.1532613045218087,-0.043952547131122795
3.157262905162065,-0.12270006238806933
3.161264505802321,-0.10595712075052448
3.1652661064425773,-0.19462478464401975
3.1692677070828332,-0.048946745707617284
3.1732693077230896,-0.060038750933941204
3.1772709083633455,-0.08919621692042629
3.1812725090036014,-0.1196677549980418
3.1852741096438577,-0.05510440720326549
3.1892757102841136,0.01776341810394113
3.19327731092437,0.001908470159396749
3.197278911564626,0.04432971065904414
3.201280512204882,-0.15757127489722328
3.205282112845138,-0.06133871550900677
3.2092837134853944,-0.053912278820383526
3.2132853141256503,-0.07929988005233615
3.2172869147659067,-0.15719065531619933
3.2212885154061626,0.07333166478333729
3.225290116046419,-0.021100645823945063
3.229291716686675,-0.11782322271385459
3.2332933173269307,-0.11758861781141998
3.237294917967187,-0.02239742884465519
3.241296518607443,-0.015688944775832908
3.2452981192476993,-0.0039915546476482835
3.249299719887955,-0.01392515857272307
3.2533013205282115,0.03712348430397353
3.2573029211684674,0.019662240499167705
3.2613045218087238,-0.0795537797295624
3.2653061224489797,0.011737180322342972
3.269307723089236,-0.07653828371693747
3.273309323729492,0.012954507298670141
3.2773109243697482,-0.10258660518374486
3.281312525010004,-0.05718709340910055
3.28531412565026,-0.018725180793420462
3.2893157262905164,-0.014626790314584817
3.2933173269307723,0.017248531869394658
3.2973189275710286,-0.16317531490694068
3.3013205282112845,0.03629792606691405
3.305322128851541,0.11596053782456055
3.3093237294917968,0.14960871016771948
3.313325330132053,0.2836730341333399
3.317326930772309,0.554035773600286
3.3213285314125653,0.9105660367776396
3.3253301320528212,1.076123201078088
3.3293317326930776,1.1335161907208466
3.3333333333333335,1.0764986419385156
3.3373349339735894,0.8584336907285071
3.3413365346138457,0.6035005831555273
3.3453381352541016,0.1341078444796917
3.349339735894358,-0.0020737913259106094
3.353341336534614,-0.07266761021850565
3.35734293717487,-0.12199746250415791
3.361344537815126,-0.14361922577903058
3.3653461384553824,-0.1867940763570187
3.3693477390956383,-0.19414877690004326
3.3733493397358947,-0.2332795113213428
3.3773509403761506,-0.2620533818280059
3.3813525410164065,-0.3827174624378086
3.385354141656663,-0.2121749123556473
3.3893557422969187,-0.1788885278389447
3.393357342937175,-0.2587536346455449
3.397358943577431,-0.1873972626509832
3.4013605442176873,-0.09916397648315578
3.405362144857943,-0.06125198895974535
3.4093637454981995,-0.0592720236370774
3.4133653461384554,0.03337407142648133
3.417366946778712,0.08492372977874907
3.4213685474189677,0.04451169822991111
3.425370148059224,0.09183691793951261
3.42937174869948,0.012973114180298097
3.433373349339736,0.07009936662036462
3.437374949979992,0.16334772010258092
3.441376550620248,0.09920502192259231
3.4453781512605044,0.04236145279236997
3.4493797519007603,0.10084049531459248
3.4533813525410166,-0.0029051550085240838
3.4573829531812725,0.22963097949648997
3.461384553821529,0.07072601931771694
3.4653861544617848,0.10494191466939648
3.469387755102041,0.1458528017134087
3.473389355742297,0.25862342051147325
3.4773909563825534,0.23741836653749554
3.4813925570228093,0.1901618365860792
3.485394157663065,0.28640809246654864
3.4893957583033215,0.24676971585037583
3.4933973589435774,0.28399332767986535
3.4973989595838337,0.27917112100022606
3.5014005602240896,0.2791776949053858
3.505402160864346,0.40602996317575124
3.509403761504602,0.35359486395082473
3.513405362144858,0.24512046967694603
3.517406962785114,0.3927922668660258
3.5214085634253705,0.4779429965295176
3.5254101640656264,0.43148362415878655
3.5294117647058827,0.34425873444295646
3.5334133653461386,0.4167382744980087
3.5374149659863945,0.4645248030567679
3.541416566626651,0.42918565501419925
3.5454181672669067,0.34430210046439746
3.549419767907163,0.3830691297382538
3.553421368547419,0.4196539168882327
3.5574229691876753,0.5044409883370613
3.561424569827931,0.3220249747443854
3.5654261704681876,0.270596166055586
3.5694277711084434,0.35563182061555054
3.5734293717487,0.35486011963842967
3.5774309723889557,0.19908110077936625
3.581432573029212,0.22466283872212572
3.585434173669468,0.16406230004743003
3.589435774309724,0.24724224418959234
3.59343737494998,0.2732315841751988
3.597438975590236,0.1535310066525662
3.6014405762304924,0.21308264712555425
3.6054421768707483,0.2708431090176123
3.6094437775110046,0.22838177598933723
3.6134453781512605,0.17736954860466225
3.617446978791517,0.18330436343984755
3.621448579431773,0.21382228983111734
3.625450180072029,0.20611232681024982
3.629451780712285,0.12776541868508443
3.6334533813525414,0.09971196699536443
3.6374549819927973,0.17547649277319738
3.641456582633053,0.19618885716645412
3.6454581832733095,0.05859760278355901
3.6494597839135654,0.10321607507780017
3.6534613845538217,0.3034452351214198
3.6574629851940776,0.23497220226503265
3.661464585834334,0.1691638253473513
3.66546618647459,0.16807323005454564
3.6694677871148462,0.1403236388912485
3.673469387755102,0.31064391836090455
3.6774709883953585,0.2702719661197263
3.6814725890356144,0.13622498126534335
3.6854741896758707,0.07907567560285679
3.6894757903161266,0.19683369454833866
3.6934773909563825,0.09383503249014584
3.697478991596639,0.16515454886574904
3.7014805922368947,0.1807996570698757
3.705482192877151,0.22598922991441858
3.709483793517407,0.16286431706636703
3.7134853941576633,0.18811922142109894
3.717486994797919,0.2604235894247286
3.7214885954381756,0.14542143056673562
3.7254901960784315,0.18766353856776527
3.729491796718688,0.10590148772346868
3.7334933973589437,0.19259823851829536
3.7374949979992,0.22301854241388552
3.741496598639456,0.27934913901402403
3.745498199279712,0.12215606162745703
3.749499799919968,0.16317072279271738
3.753501400560224,0.34417307234468414
3.7575030012004804,0.2431149452942877
3.7615046018407363,0.10153957666395066
3.7655062024809927,0.21947453939346634
3.7695078031212486,0.2210845286065935
3.773509403761505,0.2153781100833006
3.777511004401761,0.2431256557008881
3.781512605042017,0.23938501980075122
3.785514205682273,0.31070598245186937
3.7895158063225294,0.25703369064751297
3.7935174069627853,0.2538972092775741
3.797519007603041,0.17742248836057004
3.8015206082432975,0.1632693862883267
3.8055222088835534,0.28773262111895664
3.8095238095238098,0.34983015065863377
3.8135254101640657,0.2571148033369397
3.817527010804322,0.14897584285869045
3.821528611444578,0.3108646193961028
3.8255302120848342,0.21044874374349973
3.82953181272509,0.26225016967580994
3.8335334133653465,0.29165178871791503
3.8375350140056024,0.36036228415138916
3.8415366146458583,0.29320859911737424
3.8455382152861146,0.23572955230695866
3.8495398159263705,0.24030169534308457
3.853541416566627,0.1632227453605907
3.8575430172068828,0.21705341132918649
3.861544617847139,0.15600611519772056
3.865546218487395,0.24177804533979552
3.8695478191276513,0.3317390781681959
3.8735494197679072,0.3000095303063854
3.8775510204081636,0.2285687257518378
3.8815526210484195,0.16245634260349245
3.885554221688676,0.23395342335111885
3.8895558223289317,0.29207775025905114
3.8935574229691876,0.30901520286880146
3.897559023609444,0.2380555300153809
3.9015606242497,0.28580699356324235
3.905562224889956,0.29754983030211934
3.909563825530212,0.23626831411002366
3.9135654261704684,0.1554177477407536
3.9175670268107243,0.3238054180732598
3.9215686274509807,0.310987354217191
3.9255702280912366,0.31476088068698976
3.929571828731493,0.2905384207411952
3.933573429371749,0.245878878789268
3.937575030012005,0.25954708579667674
3.941576630652261,0.28575440454582984
3.945578231292517,0.15151678822106213
3.9495798319327733,0.31160830356176156
3.953581432573029,0.3394057304087692
3.9575830332132855,0.2837723622975614
3.9615846338535414,0.23441478863687173
3.9655862344937978,0.2692145644647995
3.9695878351340537,0.3201288637112357
3.97358943577431,0.2641831716923717
3.977591036414566,0.24016582374827475
3.9815926370548222,0.2561386188032506
3.985594237695078,0.26576844064626015
3.9895958383353345,0.32316142682323384
3.9935974389755904,0.22129071464729383
3.9975990396158463,0.2234078197079143
4.001600640256102,0.2245134758087125
4.0056022408963585,0.37809625665724544
4.009603841536615,0.21698675203555273
4.013605442176871,0.25560564159843113
4.017607042817127,0.34650552311946714
4.021608643457383,0.34154349373699366
4.025610244097639,0.411398419366626
4.029611844737896,0.22816308548313347
4.033613445378151,0.18356812254336952
4.0376150460184075,0.302094977083527
4.041616646658664,0.3248620187513243
4.04561824729892,0.24969858621964322
4.049619847939176,0.29842402923004896
4.053621448579432,0.3571328556516694
4.057623049219688,0.3402965962097014
4.061624649859944,0.24405329920879146
4.0656262505002,0.25665095185428743
4.069627851140456,0.25352076044836247
4.073629451780713,0.2895215872289404
4.077631052420968,0.27740370850344254
4.081632653061225,0.2989381271740003
4.085634253701481,0.34316564066823224
4.089635854341737,0.34709168468788537
4.093637454981993,0.30956439624212095
4.097639055622249,0.2552156450189801
4.101640656262505,0.37046954528130394
4.105642256902761,0.2309652883888611
4.109643857543017,0.3979304249080552
4.1136454581832735,0.21656576401340283
4.11764705882353,0.37535222584443556
4.121648659463785,0.38650355786564383
4.125650260104042,0.31211501214873655
4.129651860744298,0.25843975130172014
4.133653461384554,0.2952858536031114
4.13765506202481,0.4289644741390878
4.141656662665066,0.4480228458739332
4.1456582633053225,0.6003913912290851
4.149659863945578,0.8545135623974465
4.153661464585834,1.1922656605950124
4.157663065226091,1.3716321257074142
4.161664665866347,1.4128640615105332
4.165666266506602,1.3490658284737171
4.169667867146859,1.1822225052573487
4.173669467787115,0.8975755955403455
4.1776710684273715,0.6218118682075564
4.181672669067627,0.32139658406876104
4.185674269707883,0.2283712567969471
4.18967587034814,0.12399664545635156
4.193677470988396,0.05487090386554619
4.197679071628651,-0.014919746790485175
4.201680672268908,0.18468650547980173
4.205682272909164,0.023420056541589324
4.2096838735494195,0.005376092418429156
4.213685474189676,-0.078846233207632
4.217687074829932,0.009692896575759044
4.221688675470189,-0.001797061370815714
4.225690276110444,0.09928335735550149
4.2296918767507,0.057929794051762046
4.233693477390957,0.10144966897366331
4.237695078031213,0.21975050190519244
4.2416966786714685,0.26965966856094364
4.245698279311725,0.19378249030454334
4.249699879951981,0.16755319130942267
4.253701480592237,0.22973673560769364
4.257703081232493,0.32529509211921265
4.261704681872749,0.26423012921050615
4.265706282513006,0.3027589504954918
4.269707883153261,0.2879271380467771
4.2737094837935174,0.3698745523196455
4.277711084433774,0.28938575349328405
4.28171268507403,0.2734665110580513
4.285714285714286,0.29525324412141224
4.289715886354542,0.4680521196835162
4.293717486994798,0.34503824514337067
4.297719087635055,0.2483868772984596
4.30172068827531,0.44896157915860485
4.305722288915566,0.42304938948537885
4.309723889555823,0.40409735309974953
4.313725490196078,0.46350827680258283
4.3177270908363345,0.4585902585140355
4.321728691476591,0.40667184433357895
4.325730292116847,0.49440124298095484
4.329731892757103,0.42630131788383685
4.333733493397359,0.5901857747256118
4.337735094037615,0.5907995450271425
4.341736694677872,0.5695132643949854
4.345738295318127,0.5111470791204231
4.3497398959583835,0.5974721022337619
4.35374149659864,0.7486551950272866
4.357743097238895,0.6843433481081009
4.361744697879152,0.5519527250277736
4.365746298519408,0.5111123271832484
4.369747899159664,0.5822847821755842
4.37374949979992,0.5636993669435071
4.377751100440176,0.5984772303292674
4.3817527010804325,0.4578389136836765
4.385754301720689,0.5181331449582712
4.389755902360944,0.6115186830827317
4.393757503001201,0.40602650695533526
4.397759103641457,0.4222246397216012
4.401760704281713,0.44646358598896496
4.405762304921969,0.5107156610195073
4.409763905562225,0.37136694928103947
4.413765506202481,0.3901844545375988
4.417767106842737,0.4074269050205781
4.421768707482993,0.3184128532367013
4.42577030812325,0.3698098292382939
4.429771908763506,0.3652300981473953
4.433773509403761,0.33671688717945303
4.437775110044018,0.3540047190731029
4.441776710684274,0.32000995765667767
4.44577831132453,0.3206481973137425
4.449779911964786,0.21120770680915787
4.453781512605042,0.35251680998472756
4.4577831132452985,0.26219799469371907
4.461784713885554,0.1747569097892635
4.46578631452581,0.15907788887504992
4.469787915166067,0.19671842128372224
4.473789515806323,0.32207198503781115
4.4777911164465785,0.20913752661872947
4.481792717086835,0.2542488398321623
4.485794317727091,0.350306746833748
4.4897959183673475,0.31956462027257493
4.493797519007603,0.2364106306798263
4.497799119647859,0.16956608390588934
4.501800720288116,0.2562285812352249
4.505802320928372,0.2969067155175119
4.509803921568627,0.19400518625364935
4.513805522208884,0.1574891768300501
4.51780712284914,0.20438963349949332
4.5218087234893956,0.25150005001218134
4.525810324129652,0.23093003748325994
4.529811924769908,0.17652785741502602
4.533813525410165,0.26714214437234846
4.53781512605042,0.3121548677228336
4.541816726690676,0.2697798716177526
4.545818327330933,0.07521139530852917
4.549819927971189,0.17202823125280656
4.5538215286114445,0.3238697536443333
4.557823129251701,0.23665053425711552
4.561824729891957,0.21662391109215828
4.565826330532213,0.26996411534178116
4.569827931172469,0.16468128912712837
4.573829531812725,0.23117982007152751
4.577831132452982,0.19369907642546524
4.581832733093237,0.13234998591452155
4.5858343337334935,0.23256224491355387
4.58983593437375,0.36379774797706277
4.593837535014006,0.20370177342053858
4.597839135654262,0.1586507685395337
4.601840736294518,0.29733560132755343
4.605842336934774,0.3495803478034117
4.609843937575031,0.24151830207600092
4.613845538215286,0.14270034224029238
4.617847138855542,0.2306068906593863
4.621848739495799,0.1369923587290275
4.625850340136054,0.20533351686515972
4.629851940776311,0.10987855847475754
4.633853541416567,0.09972054244142788
4.637855142056823,0.2698789159929557
4.641856742697079,0.08821186329030646
4.645858343337335,0.13109031747714645
4.649859943977591,0.2189557023636251
4.653861544617848,0.21066669117531003
4.657863145258103,0.18851312526756214
4.6618647458983595,0.17510000986256677
4.665866346538616,0.1453021477155686
4.669867947178871,0.14615142413396223
4.673869547819128,0.24861833445719067
4.677871148459384,0.13668060382912095
4.68187274909964,0.07732565592346052
4.685874349739896,0.15796119219105537
4.689875950380152,0.25085427536504035
4.6938775510204085,0.15453811650635163
4.697879151660665,0.11864015531836376
4.70188075230092,0.1332364328870212
4.705882352941177,0.15476560091941122
4.709883953581433,0.1250301496601801
4.713885554221688,0.1878552597324003
4.717887154861945,0.06745490369371372
4.721888755502201,0.16838129353507694
4.7258903561424574,0.17771835314789808
4.729891956782713,0.1996542696466542
4.733893557422969,0.1290060694396452
4.737895158063226,0.11282251583427169
4.741896758703482,0.1526626346271983
4.745898359343737,0.04889836849493427
4.749899959983994,0.12146884737601929
4.75390156062425,0.1442207499901151
4.757903161264506,0.15247735800148726
4.761904761904762,0.0448145133928375
4.765906362545018,0.033615108381155376
4.7699079631852745,0.053385389175783005
4.77390956382553,0.11664842198035869
4.777911164465786,0.1033327042245919
4.781912765106043,0.1351775581248088
4.785914365746299,0.10108076739339457
4.7899159663865545,0.15855163513742812
4.793917567026811,0.14652557992725407
4.797919167667067,0.09785728689755718
4.8019207683073235,0.06937867746548561
4.805922368947579,0.23680193626217216
4.809923969587835,0.08066441654105999
4.813925570228092,0.1123953816371474
4.817927170868347,0.04228774204910981
4.821928771508603,0.18888621417382886
4.82593037214886,0.04519330125334621
4.829931972789116,0.07255983050744222
4.833933573429372,0.07228302950051801
4.837935174069628,0.16599116229263447
4.841936774709884,0.07378979163408851
4.845938375350141,0.1644287474404157
4.849939975990396,0.006614787524964104
4.853941576630652,0.1453340020517593
4.857943177270909,0.1392296049491573
4.861944777911165,0.09106836500414951
4.8659463785514205,-0.09864701444660504
4.869947979191677,0.11941447315436422
4.873949579831933,0.06678548218943518
4.877951180472189,0.09244044378978762
4.881952781112445,0.09619001709474727
4.885954381752701,0.03310926103751298
4.889955982392958,0.09975377971705954
4.893957583033213,0.05270277721788577
4.8979591836734695,0.04621792176013714
4.901960784313726,0.020044573943475003
4.905962384953982,0.13972797223482764
4.909963985594238,0.011357176977435674
4.913965586234494,0.003746661778666574
4.91796718687475,0.01023752055525872
4.921968787515006,0.10389406590221649
4.925970388155262,0.0811768836050159
4.9299719887955185,-0.0630522605279882
4.933973589435775,0.043763132590268816
4.93797519007603,0.058078558936709525
4.941976790716287,0.06784322336546558
4.945978391356543,0.044483165639827835
4.949979991996799,-0.03718959503165398
4.953981592637055,0.02569861598369042
4.957983193277311,0.06398864561772256
4.961984793917567,0.02255468423221016
4.965986394557824,-0.06386753639322362
4.969987995198079,0.16853819839099593
4.9739895958383356,0.23539958499292304
4.977991196478592,0.34315179637404264
4.981992797118847,0.43482422887211203
4.985994397759104,0.8833681863494897
4.98999599839936,1.19491986027693
4.993997599039616,1.1637094113821673
4.997999199679872,1.04934133103789
5.002000800320128,0.9109685096698015
5.0060024009603845,0.5961188299453669
5.010004001600641,0.2731389751162024
5.014005602240896,-0.08281800798040574
5.018007202881153,-0.07345715596739838
5.022008803521409,-0.08532108121336732
5.0260104041616644,-0.23365922155112917
5.030012004801921,-0.28840795318383833
5.034013605442177,-0.28244500188533966
5.0380152060824335,-0.2913790074068856
5.042016806722689,-0.2104318665948362
5.046018407362945,-0.3610498329234745
5.050020008003202,-0.40470138789829074
5.054021608643458,-0.24918946383219584
5.058023209283713,-0.2039065898300349
5.06202480992397,-0.22609990118211915
5.066026410564226,-0.2545592764375927
5.070028011204482,-0.17393439480790762
5.074029611844738,-0.014617262454388671
5.078031212484994,-0.11291625211576273
5.082032813125251,-0.1346480154255274
5.086034413765506,-0.00865267049465497
5.090036014405762,-0.12910327769084046
5.094037615046019,-0.11998528483678411
5.098039215686275,-0.18736503746197355
5.1020408163265305,-0.002048189598703758
5.106042416966787,-0.01866936071386032
5.110044017607043,0.010131387858019338
5.1140456182472995,-0.0037105629759124764
5.118047218887555,-0.004765873523206853
5.122048819527811,0.11712077426848318
5.126050420168068,-0.09251876041567508
5.130052020808323,-0.08785957582179765
5.1340536214485795,0.0017559680668111644
5.138055222088836,0.14346169592746347
5.142056822729092,0.14036392265146186
5.146058423369348,0.10076222895848157
5.150060024009604,0.05717114914499865
5.15406162464986,0.12665063456058118
5.158063225290117,0.19645860554791303
5.162064825930372,0.08756218074414077
5.166066426570628,0.12435696383163573
5.170068027210885,0.1946499905076105
5.17406962785114,0.16145481390628227
5.178071228491397,0.15322569552321788
5.182072829131653,0.15278349054858176
5.186074429771909,0.24835419189558322
5.190076030412165,0.2752534662667147
5.194077631052421,0.26075784330376306
5.198079231692677,0.11879914837403996
5.202080832332934,0.24612383025224988
5.206082432973189,0.17420066567936493
5.2100840336134455,0.19887546513442406
5.214085634253702,0.03954935574009511
5.218087234893958,0.05515342839263304
5.222088835534214,0.1318259400938819
5.22609043617447,0.10827291732441185
5.230092036814726,0.10620020894238125
5.234093637454982,0.07225626161141802
5.238095238095238,0.041105527800834304
5.2420968387354945,-0.017506166418436036
5.246098439375751,0.008835875333829138
5.250100040016006,-0.042447247988647914
5.254101640656263,0.009981564421469784
5.258103241296519,-0.03242414388609315
5.262104841936775,-0.08366267942649054
5.266106442577031,-0.09653399522037712
5.270108043217287,-0.04917494030486363
5.274109643857543,-0.07677746348106941
5.278111244497799,-0.08994435148123875
5.282112845138055,-0.2582659159592151
5.286114445778312,-0.10563299943087522
5.290116046418568,-0.12181979722178425
5.294117647058823,-0.10257282528090825
5.29811924769908,-0.2531759586149413
5.302120848339336,-0.1482874317392246
5.306122448979592,-0.030363043175542496
5.310124049619848,-0.24178316387459906
5.314125650260104,-0.2574164845753022
5.3181272509003605,-0.1569299828447784
5.322128851540617,-0.1345488828666863
5.326130452180872,-0.15735214565073188
5.330132052821129,-0.27857384154598325
5.334133653461385,-0.14033335873576053
5.3381352541016405,-0.14907067279781308
5.342136854741897,-0.08300413397440588
5.346138455382153,-0.24842168828299438
5.3501400560224095,-0.17568243070904538
5.354141656662665,-0.18125533651359765
5.358143257302921,-0.1456255710797338
5.362144857943178,-0.2558579565860989
5.366146458583434,-0.22672174422033473
5.370148059223689,-0.20244405906806606
5.374149659863946,-0.11210605410350905
5.378151260504202,-0.22343351478816872
5.382152861144458,-0.19734526918241227
5.386154461784714,-0.1621337906518664
5.39015606242497,-0.17231762906559608
5.394157663065227,-0.28541962597328063
5.398159263705482,-0.2121768225314352
5.402160864345738,-0.19826503776090768
5.406162464985995,-0.15044439876506263
5.410164065626251,-0.2312562351648497
5.4141656662665065,-0.22012524882359183
5.418167266906763,-0.18714539428646992
5.422168867547019,-0.17768412232462008
5.4261704681872756,-0.24548316703966597
5.430172068827531,-0.20443176954412828
5.434173669467787,-0.2642070068286447
5.438175270108044,-0.21274789237640723
5.442176870748299,-0.2210967045285825
5.4461784713885555,-0.23612320632154576
5.450180072028812,-0.18260781298352724
5.454181672669068,-0.1958665214728869
5.458183273309324,-0.18992936288428808
5.46218487394958,-0.22021068316418296
5.466186474589836,-0.2932582011537804
5.470188075230093,-0.11714175797375749
5.474189675870348,-0.1539751213934861
5.4781912765106044,-0.27904986753393096
5.482192877150861,-0.33616041841370925
5.486194477791116,-0.13631034316312202
5.490196078431373,-0.24213783769270378
5.494197679071629,-0.22116161528591594
5.498199279711885,-0.27594505350902016
5.502200880352141,-0.25281588818823564
5.506202480992397,-0.21564048452636353
5.510204081632653,-0.30797013551297153
5.51420568227291,-0.22108239797048268
5.518207282913165,-0.35616281632587155
5.5222088835534215,-0.1793134039578756
5.526210484193678,-0.20497961606552542
5.530212084833934,-0.24793923142495533
5.53421368547419,-0.29711761416853283
5.538215286114446,-0.1749584997738649
5.542216886754702,-0.24750153785281476
5.546218487394958,-0.3361092920364889
5.550220088035214,-0.23644736162306712
5.5542216886754705,-0.20902349899703046
5.558223289315727,-0.1834662172576462
5.562224889955982,-0.2774966460517721
5.566226490596239,-0.34292785558946126
5.570228091236495,-0.20436427443459823
5.574229691876751,-0.3771707875090049
5.578231292517007,-0.3104024394531578
5.582232893157263,-0.35224384560268696
5.5862344937975195,-0.20950062945608067
5.590236094437775,-0.18901618326546554
5.594237695078031,-0.25381356857101134
5.598239295718288,-0.33422929636774057
5.602240896358544,-0.25634119062965255
5.606242496998799,-0.2870280800010694
5.610244097639056,-0.37290356767571303
5.614245698279312,-0.3150634027745657
5.618247298919568,-0.34730440183825223
5.622248899559824,-0.2160075721291993
5.62625050020008,-0.23901310272729306
5.630252100840337,-0.2215546292739235
5.634253701480592,-0.269612475594177
5.638255302120848,-0.31937949245034125
5.642256902761105,-0.22197236764247893
5.646258503401361,-0.3054161127593787
5.6502601040416165,-0.3640137149470005
5.654261704681873,-0.3121465660141317
5.658263305322129,-0.15324262417746856
5.6622649059623855,-0.22658970856759159
5.666266506602641,-0.3892066220756297
5.670268107242897,-0.14258323498283015
5.674269707883154,-0.2919517065864913
5.67827130852341,-0.3193893923217935
5.6822729091636655,-0.3424468696995746
5.686274509803922,-0.32957374727219174
5.690276110444178,-0.21219619902848924
5.694277711084434,-0.2515438043526031
5.69827931172469,-0.3849691048690511
5.702280912364946,-0.3217201794495169
5.706282513005203,-0.23456640320106514
5.710284113645458,-0.29294597316417903
5.714285714285714,-0.416834088300559
5.718287314925971,-0.22079807828581177
5.722288915566227,-0.18766149520002012
5.7262905162064826,-0.2654280757392906
5.730292116846739,-0.3485371751823907
5.734293717486995,-0.41074797389833595
5.738295318127251,-0.2778029636000634
5.742296918767507,-0.2329714509142313
5.746298519407763,-0.3538986234286723
5.75030012004802,-0.30926220654782755
5.754301720688275,-0.263014993894619
5.7583033213285315,-0.2711803144718129
5.762304921968788,-0.3059217817578821
5.766306522609044,-0.2899732914766211
5.7703081232493,-0.30589782578034136
5.774309723889556,-0.2612441597102917
5.778311324529812,-0.2790425655998872
5.782312925170069,-0.3925244337495583
5.786314525810324,-0.3139714633379059
5.7903161264505805,-0.24856599771586396
5.794317727090837,-0.3324279485575103
5.798319327731092,-0.313106937528328
5.802320928371349,-0.10167127709894867
5.806322529011605,-0.13304855898235313
5.810324129651861,0.01867416876392656
5.814325730292117,0.17106979385153404
5.818327330932373,0.5581650811745473
5.822328931572629,0.8292735677958528
5.826330532212886,0.9110893295706535
5.830332132853141,0.7535224117227725
5.834333733493398,0.5304034903645415
5.838335334133654,0.1232918379211578
5.842336934773909,-0.006835982426304475
5.846338535414166,-0.2914193699476588
5.850340136054422,-0.4049432094243484
5.854341736694678,-0.41141377932289547
5.858343337334934,-0.48274962020772655
5.86234493797519,-0.6624412961928112
5.8663465386154465,-0.6657377823194389
5.870348139255703,-0.6238201078870086
5.874349739895958,-0.5026072519514435
5.878351340536215,-0.6621154712608562
5.882352941176471,-0.6178208012717727
5.886354541816727,-0.5124232043383282
5.890356142456983,-0.4754001092486611
5.894357743097239,-0.4939432931234953
5.8983593437374955,-0.5078359441187079
5.902360944377751,-0.40275041516671867
5.906362545018007,-0.5379614386229588
5.910364145658264,-0.45734585049954285
5.91436574629852,-0.44087806695129494
5.918367346938775,-0.37976357304778546
5.922368947579032,-0.278143724875742
5.926370548219288,-0.34941045858406516
5.9303721488595444,-0.3692113819446765
5.9343737494998,-0.3164017311205341
5.938375350140056,-0.2819233558609111
5.942376950780313,-0.22216256730049003
5.946378551420568,-0.3517258152956229
5.950380152060824,-0.27635432615133776
5.954381752701081,-0.17074808662064403
5.958383353341337,-0.20156881451326353
5.9623849539815925,-0.2477015872717332
5.966386554621849,-0.23963073731115714
5.970388155262105,-0.22687255290946903
5.9743897559023615,-0.18584629712942097
5.978391356542617,-0.14638206568445855
5.982392957182873,-0.07616564212203103
5.98639455782313,-0.13548584509829165
5.990396158463386,-0.00862806077526905
5.9943977591036415,-0.10122840510526075
5.998399359743898,-0.11532311604875323
6.002400960384154,-0.024550491352749344
6.00640256102441,0.05057167661313681
6.010404161664666,0.03537686773637526
6.014405762304922,-0.03981494494563184
6.018407362945179,-0.016144725765122596
6.022408963585434,0.04533938616011892
6.02641056422569,0.040833019134498626
6.030412164865947,-0.05449828301300193
6.034413765506203,-0.05539218723294364
6.038415366146459,0.04547686823632485
6.042416966786715,0.05264368271630833
6.046418567426971,-0.13279413910486365
6.050420168067227,0.043772793974643835
6.054421768707483,-0.030166721509951776
6.058423369347739,0.034303606399293356
6.062424969987996,-0.09711570213371684
6.066426570628251,-0.19991699953700537
6.0704281712685075,-0.14408897613751773
6.074429771908764,-0.13381683657208174
6.07843137254902,-0.14076093463772796
6.082432973189276,-0.21068804189658194
6.086434573829532,-0.1329247062289053
6.090436174469788,-0.150290372290741
6.094437775110045,-0.19214595113502267
6.0984393757503,-0.20234706854047638
6.1024409763905565,-0.23572711149142636
6.106442577030813,-0.20133617854977637
6.110444177671068,-0.16117625022531268
6.114445778311325,-0.3270703432525416
6.118447378951581,-0.2816625259372727
6.122448979591837,-0.19313417680352446
6.126450580232093,-0.2790827414446355
6.130452180872349,-0.34949868266506123
6.1344537815126055,-0.274786250352309
6.138455382152862,-0.22730416860682917
6.142456982793117,-0.2654935506882357
6.146458583433374,-0.3148135316621564
6.15046018407363,-0.24071965398704365
6.154461784713885,-0.22680050988813313
6.158463385354142,-0.2678294915664104
6.162464985994398,-0.35309529027755543
6.166466586634654,-0.35860436191212697
6.17046818727491,-0.2972710762214966
6.174469787915166,-0.22499808012315708
6.1784713885554225,-0.23819533290564884
6.182472989195679,-0.27100284589286616
6.186474589835934,-0.2663219924695363
6.190476190476191,-0.2144029772575775
6.194477791116447,-0.22943434729973552
6.1984793917567025,-0.3145882080737835
6.202480992396959,-0.20123798279776325
6.206482593037215,-0.1566577388880621
6.2104841936774715,-0.242790449732018
6.214485794317727,-0.22874402454834403
6.218487394957983,-0.2001836254517728
6.22248899559824,-0.10297936505008012
6.226490596238496,-0.20467274275394007
6.230492196878751,-0.2970181427873448
6.234493797519008,-0.20008345288672602
6.238495398159264,-0.1865790969673914
6.2424969987995205,-0.1786854130365873
6.246498599439776,-0.20737283625216038
6.250500200080032,-0.17589953724332968
6.254501800720289,-0.13714890909711708
6.258503401360544,-0.13735576295821256
6.2625050020008,-0.14224089633209902
6.266506602641057,-0.20216432944965165
6.270508203281313,-0.15131660511866318
6.2745098039215685,-0.16467706392282033
6.278511404561825,-0.3051361275632719
6.282513005202081,-0.23308997280970983
6.286514605842338,-0.2738626186327037
6.290516206482593,-0.1394990159644045
6.294517807122849,-0.21928211205487144
6.298519407763106,-0.2204875648689823
6.302521008403361,-0.21372951979174276
6.3065226090436175,-0.11990372063490737
6.310524209683874,-0.21260502616714638
6.31452581032413,-0.19695889482587764
6.318527410964386,-0.15584155442194056
6.322529011604642,-0.10269603748436135
6.326530612244898,-0.1327365408836853
6.330532212885155,-0.23580985170272073
6.33453381352541,-0.33771092074014236
6.3385354141656665,-0.1860311444037957
6.342537014805923,-0.10442074657735038
6.346538615446179,-0.20827618322484304
6.350540216086435,-0.16665380471059466
6.354541816726691,-0.1468418708869388
6.358543417366947,-0.21398601953045748
6.362545018007203,-0.18278155031315024
6.366546618647459,-0.24974148270114077
6.370548219287715,-0.18075785212400566
6.374549819927972,-0.17827011505867518
6.378551420568227,-0.13987665181314626
6.382553021208484,-0.19014216389108923
6.38655462184874,-0.15323571716784012
6.390556222488996,-0.036226968505375774
6.394557823129252,-0.029294198561652572
6.398559423769508,-0.17308552736826
6.402561024409764,-0.17273393580929647
6.40656262505002,-0.09052516578306907
6.410564225690276,-0.27334211850313855
6.4145658263305325,-0.19416606592318478
6.418567426970789,-0.15626183382702202
6.422569027611044,-0.08181509120123862
6.426570628251301,-0.1395247572147721
6.430572228891557,-0.1290397340776449
6.434573829531813,-0.12302163572409977
6.438575430172069,-0.07510406221124571
6.442577030812325,-0.11377464903669918
6.4465786314525815,-0.1368431634239003
6.450580232092838,-0.09552524396154354
6.454581832733093,-0.07746320664553426
6.45858343337335,-0.15041837220794974
6.462585034013606,-0.17024910305041419
6.466586634653861,-0.16785598175629785
6.470588235294118,-0.09247711324647653
6.474589835934374,-0.08560399088302995
6.47859143657463,-0.14024737218652325
6.482593037214886,-0.18053137687322418
6.486594637855142,-0.01910169920085384
6.490596238495399,-0.021348130861638892
6.494597839135655,-0.02628571332448768
6.49859943977591,-0.14848658578680196
6.502601040416167,-0.0383314944124787
6.506602641056423,-0.03632788636916184
6.5106042416966785,-0.11384464633307506
6.514605842336935,-0.1010299565652317
6.518607442977191,-0.08142522539265831
6.5226090436174475,-0.005664520629285484
6.526610644257703,0.01894100425229737
6.530612244897959,-0.3009963847957454
6.534613845538216,-0.06445121210255256
6.538615446178472,0.011448963353706099
6.5426170468187275,-0.03467713548622997
6.546618647458984,-0.14093152548960644
6.55062024809924,-0.06727827567958866
6.5546218487394965,-0.10509149765052023
6.558623449379752,-0.10685274220810995
6.562625050020008,-0.08818133698499311
6.566626650660265,-0.09067969246608495
6.57062825130052,-0.01866049111486675
6.574629851940776,-0.046353232095796504
6.578631452581033,-0.07330829559287926
6.582633053221289,-0.04015133169478932
6.586634653861545,-0.09890241474612703
6.590636254501801,0.03532279052188832
6.594637855142057,-0.07900848704243568
6.598639455782314,-0.08579378007430484
6.602641056422569,-0.018666182002511526
6.606642657062825,0.07877750278013038
6.610644257703082,-0.09765191263877494
6.614645858343337,0.014981547506506335
6.6186474589835935,-0.034230322010043286
6.62264905962385,0.0818968594600017
6.626650660264106,0.027217264647945168
6.630652260904362,-0.12028571078105829
6.634653861544618,-0.052801415404154964
6.638655462184874,0.15186520493178055
6.642657062825131,0.4090876294210938
6.646658663465386,0.5154815872814718
6.6506602641056425,0.7917210041899275
6.654661864745899,1.2188577715027165
6.658663465386155,1.266081645807591
6.662665066026411,1.038586577544365
6.666666666666667,0.864690142378415
6.670668267306923,0.5448745439514499
6.674669867947179,0.30238934938082423
6.678671468587435,0.008024356234586711
6.682673069227691,-0.06811003498722241
6.686674669867948,0.01652781886638919
6.690676270508203,-0.09936457168266868
6.69467787114846,-0.24991065946649724
6.698679471788716,-0.29703444348460034
6.702681072428972,-0.22341325925306074
6.706682673069228,-0.18226884658360154
6.710684273709484,-0.2940961397174814
6.71468587434974,-0.23886583661824015
6.718687474989996,-0.3362053950225563
6.722689075630252,-0.07887114800865261
6.7266906762705085,-0.1406647367441976
6.730692276910765,-0.23919180259928147
6.73469387755102,-0.16794474539527404
6.738695478191277,0.012176089845049975
6.742697078831533,-0.0028086045151428547
6.746698679471789,-0.014817790270959117
6.750700280112045,0.08031134289651483
6.754701880752301,0.02243219805847823
6.7587034813925575,0.00789489527189692
6.762705082032813,0.009919515328741708
6.766706682673069,0.08135263091670503
6.770708283313326,0.10640899890822676
6.774709883953582,0.0953599274065571
6.778711484593837,0.12115734846677786
6.782713085234094,0.029649257591764747
6.78671468587435,0.18645693816040915
6.7907162865146065,0.24053744777352598
6.794717887154862,0.09642939353787722
6.798719487795118,0.12517246163926385
6.802721088435375,0.15606414079558262
6.806722689075631,0.3306742900535543
6.810724289715886,0.23352971285309598
6.814725890356143,0.16439863163667562
6.818727490996399,0.2677524004464275
6.8227290916366545,0.30150238371999905
6.826730692276911,0.38747064829618
6.830732292917167,0.22104788838723616
6.834733893557424,0.3318553273724869
6.838735494197679,0.3938897978533757
6.842737094837935,0.4887411538677133
6.846738695478192,0.33951099736184387
6.850740296118448,0.28649808844752134
6.8547418967587035,0.3976062682207199
6.85874349739896,0.45838832098948856
6.862745098039216,0.3982331193994103
6.866746698679472,0.27075855360303425
6.870748299319728,0.48870037936670147
6.874749899959984,0.4513397348662087
6.878751500600241,0.23637799388840064
6.882753101240496,0.3450787214758913
6.8867547018807524,0.40889944437881054
6.890756302521009,0.358026452926114
6.894757903161265,0.3460730546058218
6.898759503801521,0.345468912209398
6.902761104441777,0.34039398730409887
6.906762705082033,0.387058356197356
6.91076430572229,0.2792538081166468
6.914765906362545,0.292043746308455
6.918767507002801,0.14165090162044994
6.922769107643058,0.22944929373198442
6.926770708283313,0.18805433845063657
6.9307723089235695,0.2063359443474315
6.934773909563826,0.19467318914352585
6.938775510204082,0.30088498076116055
6.942777110844338,0.17145374797985938
6.946778711484594,0.21707472156308044
6.95078031212485,0.25906538168214066
6.954781912765107,0.20504101772639957
6.958783513405362,0.2369021797323977
6.9627851140456185,0.1982614701797814
6.966786714685875,0.114145463635324
6.97078831532613,0.1829571523896112
6.974789915966387,0.24641297103774387
6.978791516606643,0.2080584717751458
6.982793117246899,0.11466052467933283
6.986794717887155,0.161953172631648
6.990796318527411,0.22330011990610005
6.9947979191676675,0.12571507475900254
6.998799519807924,0.09738717382648096
7.002801120448179,0.21453516483895776
7.006802721088436,0.1818754298021855
7.010804321728692,0.24831570379534407
7.014805922368948,0.09781728267945419
7.018807523009204,0.22209044988614643
7.02280912364946,0.2501381851805441
7.026810724289716,0.19577527174503123
7.030812324929972,0.13639696931756215
7.034813925570228,0.09993245536623459
7.038815526210485,0.36812683041692634
7.042817126850741,0.16443504573366596
7.046818727490996,0.1393401327125676
7.050820328131253,0.18691357115432256
7.054821928771509,0.2674231951637248
7.058823529411765,0.25579602160355686
7.062825130052021,0.1665958201055575
7.066826730692277,0.10557274194151313
7.0708283313325335,0.2208777313877778
7.074829931972789,0.2842030690099535
7.078831532613045,0.17912981903342695
7.082833133253302,0.2356572049699443
7.086834733893558,0.22577560408385938
7.0908363345338135,0.16234057709090483
7.09483793517407,0.2268643499614222
7.098839535814326,0.20848720239340068
7.1028411364545825,0.22164263082938918
7.106842737094838,0.23139651007017326
7.110844337735094,0.275204191089123
7.114845938375351,0.1633204810644289
7.118847539015607,0.2117481884581556
7.122849139655862,0.3034942851618517
7.126850740296119,0.29193966297776186
7.130852340936375,0.13973860958159923
7.1348539415766306,0.12753385213254037
7.138855542216887,0.2925624189430081
7.142857142857143,0.3018452561076447
7.1468587434974,0.18866428427885173
7.150860344137655,0.2503083841154421
7.154861944777911,0.26642571578926716
7.158863545418168,0.24290543943184895
7.162865146058424,0.2421707594345594
7.1668667466986795,0.20065769777647155
7.170868347338936,0.22446781464665255
7.174869947979192,0.24783376383379252
7.178871548619448,0.3102232571712378
7.182873149259704,0.16084880055009665
7.18687474989996,0.2962392646941623
7.190876350540217,0.35989140090976734
7.194877951180472,0.28940582639483714
7.1988795518207285,0.21372637765378608
7.202881152460985,0.21852162030866257
7.206882753101241,0.3074105954685517
7.210884353741497,0.2585209804516054
7.214885954381753,0.16192144370598283
7.218887555022009,0.320023185539213
7.222889155662265,0.2447744088900681
7.226890756302521,0.24573318501041488
7.230892356942777,0.21955658820032764
7.234893957583034,0.3847103746203212
7.238895558223289,0.36461315147785334
7.242897158863546,0.21685761886241972
7.246898759503802,0.1837009765338801
7.250900360144058,0.17208381140779277
7.254901960784314,0.26877872536353653
7.25890356142457,0.27689733586598303
7.262905162064826,0.22266343696530877
7.266906762705083,0.18204828976839763
7.270908363345338,0.30993382080213766
7.2749099639855945,0.2913927733217315
7.278911564625851,0.29821767088020606
7.282913165266106,0.24047132393774867
7.286914765906363,0.2841327105320597
7.290916366546619,0.3796487483626688
7.294917967186875,0.21307582220923776
7.298919567827131,0.23163169542670442
7.302921168467387,0.2616859695318105
7.3069227691076435,0.46032700315550046
7.3109243697479,0.16113746547926305
7.314925970388155,0.2748691078775842
7.318927571028412,0.28233455552188164
7.322929171668668,0.34627660431498775
7.326930772308923,0.2900329135930391
7.33093237294918,0.3517239844476571
7.334933973589436,0.3265612188710662
7.3389355742296924,0.2746701016685743
7.342937174869948,0.3469931982825696
7.346938775510204,0.26687483465714756
7.350940376150461,0.2191959945925404
7.354941976790717,0.2628805022620386
7.358943577430972,0.2807181963604969
7.362945178071229,0.27284829680151124
7.366946778711485,0.36135548419153307
7.370948379351741,0.26554482853352296
7.374949979991997,0.32961408099393325
7.378951580632253,0.25524956403930676
7.3829531812725095,0.18054224510309708
7.386954781912765,0.2591160140150806
7.390956382553021,0.25123930345066836
7.394957983193278,0.2092712708738003
7.398959583833534,0.3247933266688714
7.4029611844737895,0.3302130678407715
7.406962785114046,0.27309662160170683
7.410964385754302,0.3264702572219855
7.4149659863945585,0.2955953189641072
7.418967587034814,0.3013733203254646
7.42296918767507,0.3071676764295178
7.426970788315327,0.29010985218427443
7.430972388955582,0.2933424110438031
7.434973989595838,0.32897075935727166
7.438975590236095,0.4189063460524538
7.442977190876351,0.4852180187572729
7.446978791516607,0.21461058416659998
7.450980392156863,0.29526612317806844
7.454981992797119,0.40186494414471036
7.458983593437376,0.3079897938366058
7.462985194077631,0.3392003504498166
7.466986794717887,0.37108409970787715
7.470988395358144,0.4756017580234067
7.4749899959984,0.63611988051345
7.4789915966386555,0.8977937854613032
7.482993197278912,1.0261976126896357
7.486994797919168,1.4044055222735576
7.490996398559424,1.6170611988466321
7.49499799919968,1.3532835925368014
7.498999599839936,1.118596085575307
7.503001200480193,0.8764582095287475
7.507002801120448,0.6786320898621803
7.5110044017607045,0.45670739707458546
7.515006002400961,0.31235672091819466
7.519007603041217,0.17295998826378758
7.523009203681473,0.12113257944668608
7.527010804321729,0.10640742649457423
7.531012404961985,-0.05857574065006036
7.535014005602241,-0.10197721614120696
7.539015606242497,0.062474649716165696
7.5430172068827535,-0.019426877685736813
7.54701880752301,-0.02672875353787623
7.551020408163265,0.0444872242225843
7.555022008803522,-0.029893640355209784
7.559023609443778,0.14326445989223033
7.563025210084034,0.02801437192093792
7.56702681072429,0.013360911827332733
7.571028411364546,0.20651584266306042
7.575030012004802,0.30294243516144836
7.579031612645059,0.16124843108128978
7.583033213285314,0.30793906914970387
7.5870348139255706,0.24935330215660553
7.591036414565827,0.4101241718269762
7.595038015206082,0.30903267701661763
7.599039615846339,0.30500815623816696
7.603041216486595,0.28247060735442103
7.607042817126851,0.3523407749000132
7.611044417767107,0.4383142670172113
7.615046018407363,0.31221437375325145
7.6190476190476195,0.29688138409275566
7.623049219687876,0.4977108705107874
7.627050820328131,0.4701472042826692
7.631052420968388,0.2719949724143546
7.635054021608644,0.4522778752723299
7.6390556222488994,0.47034562650893375
7.643057222889156,0.5011398025187478
7.647058823529412,0.51131932990623
7.6510604241696685,0.4340231374080805
7.655062024809924,0.4503724454285485
7.65906362545018,0.5086185235142975
7.663065226090437,0.5875781180339366
7.667066826730693,0.4171797195766359
7.671068427370948,0.5888693464971853
7.675070028011205,0.6606946176509938
7.679071628651461,0.5604152259093615
7.6830732292917165,0.5213792546270569
7.687074829931973,0.6225115984402492
7.691076430572229,0.5801559313134345
7.695078031212486,0.6897234588455932
7.699079631852741,0.5013974979026368
7.703081232492997,0.6732108194863088
7.707082833133254,0.6115026327635555
7.71108443377351,0.5127050833548481
7.7150860344137655,0.5161207894111246
7.719087635054022,0.44773548996012624
7.723089235694278,0.5201341284989147
7.7270908363345345,0.49023163060544245
7.73109243697479,0.45045396426844353
7.735094037615046,0.43647522608838546
7.739095638255303,0.44149360067673366
7.743097238895558,0.3878815302020382
7.7470988395358145,0.29920799655320596
7.751100440176071,0.27120576795686824
7.755102040816327,0.3949167544533082
7.759103641456583,0.38329871992188025
7.763105242096839,0.28735849101879524
7.767106842737095,0.2010413603698938
7.771108443377352,0.2636704194206455
7.775110044017607,0.3446235919455199
7.779111644657863,0.3452525641066965
7.78311324529812,0.26001607672801613
7.787114845938375,0.2297724195606183
7.791116446578632,0.3537620119521474
7.795118047218888,0.20221303590605139
7.799119647859144,0.20239294731907803
7.8031212484994,0.23032079867704036
7.807122849139656,0.1935858730598626
7.811124449779912,0.2541240126386059
7.815126050420169,0.14513473329531207
7.819127651060424,0.21127101873693846
7.8231292517006805,0.2984605017097441
7.827130852340937,0.2726291177786812
7.831132452981193,0.24272375115926637
7.835134053621449,0.20411363101335855
7.839135654261705,0.310481214686872
7.843137254901961,0.18985334916586022
7.847138855542217,0.24427827895502494
7.851140456182473,0.26595065008438595
7.8551420568227295,0.31681797056703626
7.859143657462986,0.27728164540277744
7.863145258103241,0.17260538759372782
7.867146858743498,0.17271123299663732
7.871148459383754,0.28776158059473506
7.87515006002401,0.21564247096989023
7.879151660664266,0.1991593084711083
7.883153261304522,0.24067121423631274
7.887154861944778,0.3160498186555641
7.891156462585034,0.24083500764439325
7.89515806322529,0.18724865583897465
7.899159663865547,0.1343022401803009
7.903161264505803,0.2694722414023581
7.907162865146058,0.22684155950804902
7.911164465786315,0.32513880975805376
7.915166066426571,0.11774534191851904
7.919167667066827,0.17824679591660725
7.923169267707083,0.30303765559621376
7.927170868347339,0.22871496654791967
7.9311724689875955,0.18671204844791023
7.935174069627852,0.17950814800167775
7.939175670268107,0.17708247342442604
7.943177270908364,0.157175827488236
7.94717887154862,0.19052415313220256
7.9511804721888755,0.14626710780720903
7.955182072829132,0.22510018479354246
7.959183673469388,0.19570081517845683
7.9631852741096445,0.07427941772537011
7.9671868747499,0.1321124016625487
7.971188475390156,0.24070429788579353
7.975190076030413,0.14861186355701128
7.979191676670669,0.29655030863729526
7.983193277310924,0.1089746408786128
7.987194877951181,0.22762161722122398
7.991196478591437,0.21335144711747156
7.995198079231693,0.16939177571639089
7.999199679871949,0.140731406433342
8.003201280512204,0.13481772219299756
8.00720288115246,0.26971043218150115
8.011204481792717,0.17742661317806108
8.015206082432973,0.10073873626685681
8.01920768307323,0.1800260335629253
8.023209283713486,0.2517976485286265
8.027210884353742,0.1852541647210289
8.031212484993999,0.003964801182895113
8.035214085634253,0.08077589187632167
8.03921568627451,0.24719424825132558
8.043217286914766,0.1982251160323985
8.047218887555022,0.038940169770959765
8.051220488195279,0.1151626532822382
8.055222088835535,0.1534405682814935
8.059223689475791,0.22172627120328323
8.063225290116046,0.08250338335217888
8.067226890756302,-0.02626899068088385
8.071228491396559,0.148844695004575
8.075230092036815,0.23574717780224339
8.079231692677071,0.10524586209064038
8.083233293317328,0.041129278107704365
8.087234893957584,0.23572215635959845
8.09123649459784,0.20376357194360747
8.095238095238095,0.12618263190887763
8.099239695878351,0.10287633472263524
8.103241296518608,0.10233864063962704
8.107242897158864,0.09933849324209672
8.11124449779912,0.1241693853889978
8.115246098439377,0.062253535195623974
8.119247699079633,0.12365683705934441
8.123249299719888,0.17557911613563731
8.127250900360144,0.045030134198343716
8.1312525010004,-0.020161876015362484
8.135254101640657,0.06627272580764465
8.139255702280913,0.15581514650395717
8.14325730292117,0.05925581631562675
8.147258903561426,0.11840809098642703
8.15126050420168,0.05773291906641938
8.155262104841936,0.12480679779629478
8.159263705482193,0.07298158120943159
8.16326530612245,0.0973484428287743
8.167266906762706,-0.004768411679334242
8.171268507402962,0.08581650770952289
8.175270108043218,0.12019137018177586
8.179271708683475,0.11375781113652195
8.183273309323729,0.04731047500123205
8.187274909963985,-0.06130887867063046
8.191276510604242,0.1496924380051658
8.195278111244498,0.16052066460216863
8.199279711884754,-0.011665318265147447
8.20328131252501,0.09952827963347331
8.207282913165267,0.08639236705298506
8.211284513805522,0.026562635468290505
8.215286114445778,0.1090991293141208
8.219287715086034,-0.0514467173380794
8.22328931572629,0.11179698287318082
8.227290916366547,0.09088859187945633
8.231292517006803,0.00152721991850234
8.23529411764706,0.02842491977558855
8.239295718287316,0.04133108197217959
8.24329731892757,0.01766301868848802
8.247298919567827,0.05417476081856393
8.251300520208083,-0.08888201508178267
8.25530212084834,0.05263859901933811
8.259303721488596,0.09014159442381463
8.263305322128852,-0.0001601532181475969
8.267306922769109,-0.05173805288609683
8.271308523409363,0.07867748561663711
8.27531012404962,0.06911021273737111
8.279311724689876,0.052375962342829166
8.283313325330132,-0.00023557071005161911
8.287314925970389,0.12060682879275322
8.291316526610645,0.0035337155000264436
8.295318127250901,0.04338052307638003
8.299319727891156,-0.011855966342787988
8.303321328531412,0.1591478224953308
8.307322929171669,0.3374182990842426
8.311324529811925,0.5847013095239008
8.315326130452181,0.855450004967544
8.319327731092438,1.2060201680538531
8.323329331732694,1.3420465747819619
8.32733093237295,0.9709451996121683
8.331332533013205,0.8405717063825834
8.335334133653461,0.4591303440321207
8.339335734293718,0.276223272655355
8.343337334933974,0.01888013469246203
8.34733893557423,-0.20495548162904748
8.351340536214487,-0.13821748402194103
8.355342136854743,-0.21910442135340813
8.359343737494997,-0.20715471188674775
8.363345338135254,-0.32876682626067844
8.36734693877551,-0.36670549218016446
8.371348539415767,-0.22812024869441552
8.375350140056023,-0.2532535609594316
8.37935174069628,-0.2890152699594811
8.383353341336536,-0.3619387847602298
8.387354941976792,-0.2635365653832298
8.391356542617046,-0.3081028488813107
8.395358143257303,-0.18040192516591483
8.39935974389756,-0.23840957562231485
8.403361344537815,-0.12187756101466528
8.407362945178072,-0.01713901869454075
8.411364545818328,-0.10162449443049477
8.415366146458584,-0.13202079843082287
8.419367747098839,-0.0793201505491918
8.423369347739095,0.0033268825825547577
8.427370948379352,-0.06324408917037283
8.431372549019608,-0.06569128388027108
8.435374149659864,-0.10495378831472037
8.43937575030012,0.005755606242290004
8.443377350940377,0.020035879778254488
8.447378951580633,-0.07505408106752227
8.451380552220888,-0.05859169022896311
8.455382152861144,-0.009608399827781743
8.4593837535014,0.06952955428949985
8.463385354141657,0.05184988375274416
8.467386954781913,-0.10057802938100321
8.47138855542217,0.06580379441410798
8.475390156062426,0.14473712037868816
8.47939175670268,0.12078646585905525
8.483393357342937,0.06502187188511192
8.487394957983193,0.2051587644651524
8.49139655862345,0.12023398881914613
8.495398159263706,0.18969692565472596
8.499399759903962,0.07457287678238987
8.503401360544219,0.16782469985449455
8.507402961184473,0.2384524498762813
8.51140456182473,0.19814168102063973
8.515406162464986,0.1896170243532556
8.519407763105242,0.2280269698503091
8.523409363745499,0.2237853238837941
8.527410964385755,0.21892716530131562
8.531412565026011,0.15159278482179192
8.535414165666268,0.1218684825835799
8.539415766306522,0.21611685287311275
8.543417366946779,0.2386442437802816
8.547418967587035,0.20293578062688344
8.551420568227291,0.06928261489344903
8.555422168867548,0.19941606410051643
8.559423769507804,0.15553725154985618
8.56342537014806,-0.015762753505116654
8.567426970788315,-0.04144324611738879
8.571428571428571,0.10313711068310892
8.575430172068828,0.03017305198982448
8.579431772709084,-4.974779327571177e-05
8.58343337334934,0.06739886757604314
8.587434973989597,-0.06782722630542717
8.591436574629853,-0.0029779736141315183
8.59543817527011,-0.07666588501248695
8.599439775910364,-0.09320660941696247
8.60344137655062,-0.10325436430207888
8.607442977190876,-0.09961174074130441
8.611444577831133,-0.09913359481766873
8.61544617847139,-0.2197065586439466
8.619447779111646,-0.13278486771073808
8.623449379751902,-0.060731119223955264
8.627450980392156,-0.13904814940970842
8.631452581032413,-0.21308721566714134
8.635454181672669,-0.1890071102383709
8.639455782312925,-0.07771664729026917
8.643457382953182,-0.19483138324153898
8.647458983593438,-0.11622680566216567
8.651460584233694,-0.17210092135321586
8.65546218487395,-0.1079738708426594
8.659463785514205,-0.1700708836136155
8.663465386154462,-0.2259951099702452
8.667466986794718,-0.27796440444559645
8.671468587434974,-0.18023453536851977
8.67547018807523,-0.12129369386924915
8.679471788715487,-0.27436558860649013
8.683473389355743,-0.25568409360308864
8.687474989995998,-0.24456728206177503
8.691476590636254,-0.14861786250659106
8.69547819127651,-0.2070984053099741
8.699479791916767,-0.258314266064142
8.703481392557023,-0.18071853499784785
8.70748299319728,-0.18695175586996382
8.711484593837536,-0.18168370237304377
8.71548619447779,-0.1855940142194451
8.719487795118047,-0.22973519022593356
8.723489395758303,-0.2588612643581454
8.72749099639856,-0.14178871536989987
8.731492597038816,-0.22277289616652365
8.735494197679072,-0.27961979368999396
8.739495798319329,-0.09156544140221695
8.743497398959585,-0.16990905560865074
8.74749899959984,-0.19332622810296507
8.751500600240096,-0.209056964191618
8.755502200880352,-0.07993604896610465
8.759503801520609,-0.24837364543142265
8.763505402160865,-0.325179464628473
8.767507002801121,-0.17281675897388227
8.771508603441378,-0.1686813617714986
8.775510204081632,-0.0723622611423412
8.779511804721889,-0.2694091303217623
8.783513405362145,-0.33247814973633316
8.787515006002401,-0.2986128812095042
8.791516606642658,-0.15545366544572964
8.795518207282914,-0.17880390001603078
8.79951980792317,-0.2883626437114741
8.803521408563427,-0.26319274589933594
8.807523009203681,-0.31398045889689075
8.811524609843937,-0.14830954553144934
8.815526210484194,-0.284342404254578
8.81952781112445,-0.307846877488461
8.823529411764707,-0.16189078610345325
8.827531012404963,-0.2191809137381436
8.83153261304522,-0.2919075431149634
8.835534213685474,-0.3570650181690679
8.83953581432573,-0.16394981143452947
8.843537414965986,-0.16024916210607842
8.847539015606243,-0.3313233365796087
8.8515406162465,-0.3213289348682103
8.855542216886755,-0.11073540901201731
8.859543817527012,-0.19932586968841956
8.863545418167266,-0.2689930687350213
8.867547018807523,-0.2884921797331264
8.871548619447779,-0.21745022074059173
8.875550220088035,-0.20402780077290505
8.879551820728292,-0.27508807700782345
8.883553421368548,-0.24366552470929004
8.887555022008804,-0.32315213318357705
8.89155662264906,-0.16769984694137544
8.895558223289315,-0.24911690209658593
8.899559823929572,-0.3294849737307455
8.903561424569828,-0.2521734628325154
8.907563025210084,-0.2138658105983503
8.91156462585034,-0.25258398451057146
8.915566226490597,-0.3343920943422168
8.919567827130853,-0.2768550225850317
8.923569427771108,-0.27219297824186117
8.927571028411364,-0.2802495038737447
8.93157262905162,-0.3394962308228729
8.935574229691877,-0.3349120273469764
8.939575830332133,-0.1886389038646774
8.94357743097239,-0.22810545398239113
8.947579031612646,-0.3574555802558551
8.951580632252902,-0.27681026269169223
8.955582232893157,-0.2320864090740448
8.959583833533413,-0.2087217081940778
8.96358543417367,-0.27919404252208163
8.967587034813926,-0.39764859706038636
8.971588635454182,-0.19842448760229617
8.975590236094439,-0.20183753864147946
8.979591836734695,-0.4036482688466724
8.98359343737495,-0.3459629258463082
8.987595038015206,-0.19768466505373888
8.991596638655462,-0.25199096209676997
8.995598239295719,-0.23867097094723438
8.999599839935975,-0.38216549231479796
9.003601440576231,-0.31769490568301406
9.007603041216488,-0.21558613335243004
9.011604641856744,-0.24795758100854345
9.015606242496998,-0.32060405143970905
9.019607843137255,-0.38503763676490854
9.023609443777511,-0.22213277779814375
9.027611044417768,-0.3248110492259979
9.031612645058024,-0.37542411693290184
9.03561424569828,-0.3046853256207679
9.039615846338537,-0.24772863679839174
9.043617446978791,-0.29001437745938885
9.047619047619047,-0.3128246185108323
9.051620648259304,-0.29488705131081516
9.05562224889956,-0.2424321370473054
9.059623849539816,-0.25065963093709503
9.063625450180073,-0.2572001027731697
9.06762705082033,-0.3849594605092006
9.071628651460584,-0.269732377175381
9.07563025210084,-0.22333788075115688
9.079631852741096,-0.2250969466734112
9.083633453381353,-0.3687007062328298
9.087635054021609,-0.25084613570311437
9.091636654661865,-0.1889947249425144
9.095638255302122,-0.27506578565915535
9.099639855942378,-0.31188730083530153
9.103641456582633,-0.30717076306183144
9.107643057222889,-0.19244752649843364
9.111644657863145,-0.2666856039657721
9.115646258503402,-0.30502616167624247
9.119647859143658,-0.36746058408567034
9.123649459783914,-0.17718042159206254
9.12765106042417,-0.2036485349851749
9.131652661064425,-0.3430696310331287
9.135654261704682,-0.19039148065845102
9.139655862344938,0.0672295942814536
9.143657462985194,0.3552883387575795
9.14765906362545,0.5423974602412069
9.151660664265707,0.7169827440621759
9.155662264905963,0.9286507139749449
9.15966386554622,0.8340402676142129
9.163665466186474,0.4575504269599997
9.16766706682673,0.24103867596947548
9.171668667466987,-0.034449402326751824
9.175670268107243,-0.1202862200061325
9.1796718687475,-0.31204391938900344
9.183673469387756,-0.4754785999875002
9.187675070028012,-0.49403215706925213
9.191676670668267,-0.4457271460931457
9.195678271308523,-0.6454645043481069
9.19967987194878,-0.5658906008346781
9.203681472589036,-0.6152206119956086
9.207683073229292,-0.5203983497776645
9.211684673869549,-0.5530209437076223
9.215686274509805,-0.6218193476716662
9.219687875150061,-0.5609539372212339
9.223689475790316,-0.5008234846871507
9.227691076430572,-0.3854156187584367
9.231692677070829,-0.4409892858816851
9.235694277711085,-0.4147035984584742
9.239695878351341,-0.22776130211775897
9.243697478991598,-0.2987398672580465
9.247699079631854,-0.3326492303154643
9.251700680272108,-0.3533650991530456
9.255702280912365,-0.2829047885898027
9.259703881552621,-0.3101834031673105
9.263705482192877,-0.30801390240849374
9.267707082833134,-0.31571348381707853
9.27170868347339,-0.19419777002316224
9.275710284113647,-0.1505480125258157
9.279711884753901,-0.20675422262256785
9.283713485394157,-0.2631422636265539
9.287715086034414,-0.2724012044586668
9.29171668667467,-0.2738884086956769
9.295718287314926,-0.15207829311970725
9.299719887955183,-0.24217732813844633
9.30372148859544,-0.05580349136503757
9.307723089235695,-0.1310159155503132
9.31172468987595,-0.037354803660055697
9.315726290516206,-0.17139138366662415
9.319727891156463,-0.1610323050980657
9.323729491796719,0.02756981984424515
9.327731092436975,-0.04191159239429243
9.331732693077232,-0.09252965242038796
9.335734293717488,0.021746606824227608
9.339735894357743,0.026770718143968038
9.343737494997999,0.07773144051884415
9.347739095638255,-0.013903559570039702
9.351740696278512,-0.06277139883042632
9.355742296918768,0.05298490926697881
9.359743897559024,0.038264769596059865
9.36374549819928,-0.04918532293229911
9.367747098839537,-0.09051819457028343
9.371748699479792,0.08266310144843932
9.375750300120048,0.03755902294691778
9.379751900760304,-0.07139441841638748
9.38375350140056,-0.10513204921176682
9.387755102040817,-0.091977857071683
9.391756702681073,-0.06440002317359392
9.39575830332133,-0.08237878293648605
9.399759903961584,-0.17665808808253294
9.40376150460184,-0.13158859763677652
9.407763105242097,-0.1558196174869534
9.411764705882353,-0.1926260630391681
9.41576630652261,-0.1935878515940568
9.419767907162866,-0.23076298771479647
9.423769507803122,-0.05064978098505285
9.427771108443377,-0.23964945233104012
9.431772709083633,-0.2938310427094186
9.43577430972389,-0.28005715460490627
9.439775910364146,-0.2526703595804665
9.443777511004402,-0.1858737469558026
9.447779111644659,-0.2797877245302003
9.451780712284915,-0.3061507633598501
9.455782312925171,-0.16296827650705945
9.459783913565426,-0.2797665274825446
9.463785514205682,-0.2887392205938043
9.467787114845938,-0.21025409255725197
9.471788715486195,-0.25227046536029785
9.475790316126451,-0.22337409267985528
9.479791916766708,-0.2479669652320149
9.483793517406964,-0.27471100962631656
9.487795118047218,-0.15226299790805828
9.491796718687475,-0.2014159557486507
9.495798319327731,-0.2780229157540034
9.499799919967987,-0.2951100140313947
9.503801520608244,-0.30800886828923996
9.5078031212485,-0.13539572531173116
9.511804721888756,-0.25934631310590905
9.515806322529013,-0.23397004592868645
9.519807923169267,-0.23490738540374873
9.523809523809524,-0.19527994132367954
9.52781112444978,-0.1955872813336716
9.531812725090036,-0.3136343866347974
9.535814325730293,-0.22021375398912282
9.539815926370549,-0.1907806151240598
9.543817527010805,-0.16470328918589572
9.54781912765106,-0.24739775495760535
9.551820728291316,-0.17042074133390972
9.555822328931573,-0.15287576350323517
9.559823929571829,-0.22245223478636722
9.563825530212085,-0.28733410076114124
9.567827130852342,-0.24295898542945987
9.571828731492598,-0.2799883641874339
9.575830332132854,-0.21110928466910373
9.579831932773109,-0.3006972383149998
9.583833533413365,-0.25448780737657034
9.587835134053622,-0.22454908711355598
9.591836734693878,-0.1396282431440151
9.595838335334134,-0.30280863458377544
9.59983993597439,-0.2865472351819859
9.603841536614647,-0.21462164013487683
9.607843137254902,-0.1466648933697631
9.611844737895158,-0.17697248890570286
9.615846338535414,-0.2623602462127361
9.61984793917567,-0.10808096654568422
9.623849539815927,-0.13948346170394713
9.627851140456183,-0.20655206878755908
9.63185274109644,-0.18992865791872973
9.635854341736694,-0.21131778917753577
9.63985594237695,-0.12467205107483204
9.643857543017207,-0.19931181682605037
9.647859143657463,-0.27869291357990744
9.65186074429772,-0.21698225171374586
9.655862344937976,-0.1025443811818412
9.659863945578232,-0.11418719331950485
9.663865546218489,-0.24431445820383876
9.667867146858743,-0.25461163591316693
9.671868747499,-0.20003858032964544
9.675870348139256,-0.0863843288961299
9.679871948779512,-0.1336416614834688
9.683873549419769,-0.22695228848763302
9.687875150060025,-0.16681909071822426
9.691876750700281,-0.15116988923885008
9.695878351340536,-0.18034913798355978
9.699879951980792,-0.21357146318655174
9.703881552621048,-0.12484635161312833
9.707883153261305,-0.05492004244380094
9.711884753901561,-0.1652697269324587
9.715886354541817,-0.1777493255427299
9.719887955182074,-0.1830180342898303
9.72388955582233,-0.10159091475927526
9.727891156462585,-0.09415915893848027
9.731892757102841,-0.17829780587196023
9.735894357743097,-0.1817916341646665
9.739895958383354,-0.07875406503684929
9.74389755902361,-0.12354715124545901
9.747899159663866,-0.2615651176914203
9.751900760304123,-0.18081252597652342
9.755902360944377,-0.15411346912105978
9.759903961584634,-0.016319730892129937
9.76390556222489,-0.12344088240259014
9.767907162865146,-0.27199961215940605
9.771908763505403,-0.11327589241818378
9.775910364145659,-0.08838583622509733
9.779911964785915,-0.15435697073362276
9.78391356542617,-0.0728057068746357
9.787915166066426,-0.19613651123310855
9.791916766706683,-0.1626172908042295
9.795918367346939,-0.10460250441065352
9.799919967987195,-0.20747478889954973
9.803921568627452,-0.08620361856816364
9.807923169267708,-0.09452950167814991
9.811924769907964,-0.16104827742052213
9.815926370548219,-0.13381091984878485
9.819927971188475,-0.16057806049821838
9.823929571828732,-0.06719327950636969
9.827931172468988,-0.0847566456705928
9.831932773109244,-0.2515546744834255
9.8359343737495,-0.08935607866292435
9.839935974389757,-0.09404635907933732
9.843937575030012,-0.05976446201322265
9.847939175670268,-0.0489676192911091
9.851940776310524,-0.11089701514572188
9.85594237695078,-0.124711390158005
9.859943977591037,-0.06719941462358228
9.863945578231293,-0.11755078572738921
9.86794717887155,-0.108041397100377
9.871948779511806,-0.03778387314321398
9.87595038015206,-0.01701455340919284
9.879951980792317,-0.11192664249981965
9.883953581432573,-0.21713425107867038
9.88795518207283,-0.08909974628868461
9.891956782713086,0.019257188062738427
9.895958383353342,-0.022942998250542832
9.899959983993599,-0.12366074613782764
9.903961584633853,-0.05317849785636981
9.90796318527411,-0.021252886821522946
9.911964785914366,-0.04532331594618031
9.915966386554622,-0.1591516858275762
9.919967987194878,-0.07932382822310993
9.923969587835135,0.06605565473356192
9.927971188475391,-0.07391079106200128
9.931972789115648,-0.09161402143627931
9.935974389755902,-0.11223850252545747
9.939975990396158,0.02432837057610528
9.943977591036415,0.022388666311168877
9.947979191676671,-0.1281902767674983
9.951980792316927,-0.07583253263497966
9.955982392957184,0.06287848200429388
9.95998399359744,0.06433427344645606
9.963985594237695,-0.05382601664720127
9.967987194877951,0.09508190636625588
9.971988795518207,0.2992601298749858
9.975990396158464,0.651956843688253
9.97999199679872,0.7921132690372911
9.983993597438976,1.0757944477013992
9.987995198079233,1.2535194983719982
9.991996798719487,1.1121074297019802
9.995998399359744,0.9083334878714207
10.0,0.3812285353505748
